Date,Store,Region,Week,Units,Price,Rep,Endcap,Demo,D13,D45,Natural,Fitness,Rep_x_Endcap,Rep_x_Demo,Rep_x_D13,Rep_x_D45,Endcap_x_Demo,Endcap_x_D13,Endcap_x_D45,Price_x_Rep,Price_x_Endcap,Price_x_Demo,Price_x_D13,Price_x_D45,Natural_x_Rep,Fitness_x_Rep,Natural_x_Endcap,Fitness_x_Demo,D13_plus_D45,lnUnits
2010-05-04,Academy,RM,1,270.7488999921228,4.29,1,0,0,0,0,1,2,0,0,0,0,0,0,0,4.29,0.0,0.0,0.0,0.0,1,2,0,0,0,5.601191823055203
2010-05-11,Academy,RM,2,314.5058243828088,4.29,1,0,1,0,0,1,2,0,1,0,0,0,0,0,4.29,0.0,4.29,0.0,0.0,1,2,0,2,0,5.751002595469198
2010-05-18,Academy,RM,3,390.6069791626139,4.085833333,1,0,0,1,0,1,2,0,0,1,0,0,0,0,4.085833333,0.0,0.0,4.085833333,0.0,1,2,0,0,1,5.967701886082782
2010-05-25,Academy,RM,4,249.86237982712225,4.085833333,1,0,0,1,0,1,2,0,0,1,0,0,0,0,4.085833333,0.0,0.0,4.085833333,0.0,1,2,0,0,1,5.520910285600613
2010-06-01,Academy,RM,5,222.03389430781561,4.793125,1,0,0,1,0,1,2,0,0,1,0,0,0,0,4.793125,0.0,0.0,4.793125,0.0,1,2,0,0,1,5.402830047280555
2010-06-08,Academy,RM,6,276.35819705736077,4.147142857,1,0,0,0,1,1,2,0,0,0,1,0,0,0,4.147142857,0.0,0.0,0.0,4.147142857,1,2,0,0,1,5.6216978397078705
2010-06-15,Academy,RM,7,294.8631813545168,4.147142857,1,0,0,0,1,1,2,0,0,0,1,0,0,0,4.147142857,0.0,0.0,0.0,4.147142857,1,2,0,0,1,5.686511456736449
2010-06-22,Academy,RM,8,383.4558071038123,4.05,1,0,1,0,0,1,2,0,1,0,0,0,0,0,4.05,0.0,4.05,0.0,0.0,1,2,0,2,0,5.949224378453509
2010-06-29,Academy,RM,9,300.2942445751741,4.05,1,0,0,1,0,1,2,0,0,1,0,0,0,0,4.05,0.0,0.0,4.05,0.0,1,2,0,0,1,5.704762809221787
2010-07-06,Academy,RM,10,296.7431220951534,4.581333333,1,0,0,1,0,1,2,0,0,1,0,0,0,0,4.581333333,0.0,0.0,4.581333333,0.0,1,2,0,0,1,5.692866855782772
2010-07-13,Academy,RM,11,429.7977656814151,3.556923077,1,0,0,1,0,1,2,0,0,1,0,0,0,0,3.556923077,0.0,0.0,3.556923077,0.0,1,2,0,0,1,6.063314785687255
2010-05-04,Alamo Quarry,SW,1,186.94634432041994,4.39,0,0,0,0,0,0,4,0,0,0,0,0,0,0,0.0,0.0,0.0,0.0,0.0,0,0,0,0,0,5.230821646914844
2010-05-11,Alamo Quarry,SW,2,179.85024599167903,4.39,0,0,0,0,0,0,4,0,0,0,0,0,0,0,0.0,0.0,0.0,0.0,0.0,0,0,0,0,0,5.192124537900937
2010-05-18,Alamo Quarry,SW,3,133.85304723515088,3.84,0,0,0,0,0,0,4,0,0,0,0,0,0,0,0.0,0.0,0.0,0.0,0.0,0,0,0,0,0,4.896742535752425
2010-05-25,Alamo Quarry,SW,4,202.41878946949313,3.751538462,0,0,0,0,0,0,4,0,0,0,0,0,0,0,0.0,0.0,0.0,0.0,0.0,0,0,0,0,0,5.31033876645186
2010-06-01,Alamo Quarry,SW,5,235.2340125787104,3.675714286,0,0,0,0,0,0,4,0,0,0,0,0,0,0,0.0,0.0,0.0,0.0,0.0,0,0,0,0,0,5.460580816873306
2010-06-08,Alamo Quarry,SW,6,145.63805714012852,4.804285714,0,0,0,0,0,0,4,0,0,0,0,0,0,0,0.0,0.0,0.0,0.0,0.0,0,0,0,0,0,4.98112448306533
2010-06-15,Alamo Quarry,SW,7,179.26461406059084,4.26,0,0,0,0,0,0,4,0,0,0,0,0,0,0,0.0,0.0,0.0,0.0,0.0,0,0,0,0,0,5.188863005085804
2010-06-22,Alamo Quarry,SW,8,220.79639164222675,4.631176471,0,0,0,0,0,0,4,0,0,0,0,0,0,0,0.0,0.0,0.0,0.0,0.0,0,0,0,0,0,5.397240972069345
2010-06-29,Alamo Quarry,SW,9,199.0246478969432,4.631176471,0,0,0,0,0,0,4,0,0,0,0,0,0,0,0.0,0.0,0.0,0.0,0.0,0,0,0,0,0,5.293428675833236
2010-07-06,Alamo Quarry,SW,10,113.13678335320107,4.421176471,0,0,0,0,0,0,4,0,0,0,0,0,0,0,0.0,0.0,0.0,0.0,0.0,0,0,0,0,0,4.7285975588338225
2010-07-13,Alamo Quarry,SW,11,158.69572929532657,4.073125,0,0,0,0,0,0,4,0,0,0,0,0,0,0,0.0,0.0,0.0,0.0,0.0,0,0,0,0,0,5.0669887166178205
2010-05-04,Alpharetta (aka Alpharetta Harry's),SO,1,194.94343579006156,4.047142857,0,0,0,0,0,2,3,0,0,0,0,0,0,0,0.0,0.0,0.0,0.0,0.0,0,0,0,0,0,5.272709443612995
2010-05-11,Alpharetta (aka Alpharetta Harry's),SO,2,130.59529068943615,3.64,0,0,0,0,0,2,3,0,0,0,0,0,0,0,0.0,0.0,0.0,0.0,0.0,0,0,0,0,0,4.872103157152648
2010-05-18,Alpharetta (aka Alpharetta Harry's),SO,3,232.02232169734066,3.765,0,0,0,0,0,2,3,0,0,0,0,0,0,0,0.0,0.0,0.0,0.0,0.0,0,0,0,0,0,5.4468335812506945
2010-05-25,Alpharetta (aka Alpharetta Harry's),SO,4,212.9553176343387,3.55,0,0,0,0,0,2,3,0,0,0,0,0,0,0,0.0,0.0,0.0,0.0,0.0,0,0,0,0,0,5.361082367338679
2010-06-01,Alpharetta (aka Alpharetta Harry's),SO,5,162.34052915062688,3.534444444,0,0,0,0,0,2,3,0,0,0,0,0,0,0,0.0,0.0,0.0,0.0,0.0,0,0,0,0,0,5.089696160848642
2010-06-08,Alpharetta (aka Alpharetta Harry's),SO,6,196.18591582973872,3.861428571,0,0,0,0,0,2,3,0,0,0,0,0,0,0,0.0,0.0,0.0,0.0,0.0,0,0,0,0,0,5.279062759792833
2010-06-15,Alpharetta (aka Alpharetta Harry's),SO,7,189.97022168514948,3.64,0,0,0,0,0,2,3,0,0,0,0,0,0,0,0.0,0.0,0.0,0.0,0.0,0,0,0,0,0,5.246867331904476
2010-06-22,Alpharetta (aka Alpharetta Harry's),SO,8,218.37325284923693,3.845555556,0,0,0,0,0,2,3,0,0,0,0,0,0,0,0.0,0.0,0.0,0.0,0.0,0,0,0,0,0,5.386205767731829
2010-06-29,Alpharetta (aka Alpharetta Harry's),SO,9,116.25389353296742,4.0275,0,0,0,0,0,2,3,0,0,0,0,0,0,0,0.0,0.0,0.0,0.0,0.0,0,0,0,0,0,4.755776536663305
2010-07-06,Alpharetta (aka Alpharetta Harry's),SO,10,244.4144612841452,3.625555556,0,0,0,0,0,2,3,0,0,0,0,0,0,0,0.0,0.0,0.0,0.0,0.0,0,0,0,0,0,5.498865396103991
2010-07-13,Alpharetta (aka Alpharetta Harry's),SO,11,259.79845352413895,3.7875,0,0,0,0,0,2,3,0,0,0,0,0,0,0,0.0,0.0,0.0,0.0,0.0,0,0,0,0,0,5.559906151655807
2010-05-04,Ann Arbor,MW,1,171.02147572738988,4.19,1,0,0,0,0,2,3,0,0,0,0,0,0,0,4.19,0.0,0.0,0.0,0.0,2,3,0,0,0,5.141789137666079
2010-05-11,Ann Arbor,MW,2,213.92718229930946,4.69,1,0,0,0,0,2,3,0,0,0,0,0,0,0,4.69,0.0,0.0,0.0,0.0,2,3,0,0,0,5.36563568748761
2010-05-18,Ann Arbor,MW,3,303.14183200219577,4.1525,1,0,0,0,0,2,3,0,0,0,0,0,0,0,4.1525,0.0,0.0,0.0,0.0,2,3,0,0,0,5.714200788404778
2010-05-25,Ann Arbor,MW,4,234.53057870328422,4.301111111,1,0,0,0,0,2,3,0,0,0,0,0,0,0,4.301111111,0.0,0.0,0.0,0.0,2,3,0,0,0,5.457585978972613
2010-06-01,Ann Arbor,MW,5,269.08567967810774,3.671818182,1,0,0,0,0,2,3,0,0,0,0,0,0,0,3.671818182,0.0,0.0,0.0,0.0,2,3,0,0,0,5.595029840702247
2010-06-08,Ann Arbor,MW,6,300.548422347337,4.062727273,1,0,0,0,0,2,3,0,0,0,0,0,0,0,4.062727273,0.0,0.0,0.0,0.0,2,3,0,0,0,5.705608880252751
2010-06-15,Ann Arbor,MW,7,288.1801844475602,4.39,1,0,1,0,0,2,3,0,1,0,0,0,0,0,4.39,0.0,4.39,0.0,0.0,2,3,0,3,0,5.663585924947474
2010-06-22,Ann Arbor,MW,8,396.2495819836104,4.39,1,0,1,1,0,2,3,0,1,1,0,0,0,0,4.39,0.0,4.39,4.39,0.0,2,3,0,3,1,5.9820442702599825
2010-06-29,Ann Arbor,MW,9,256.55013742939093,3.735454545,1,0,0,1,0,2,3,0,0,1,0,0,0,0,3.735454545,0.0,0.0,3.735454545,0.0,2,3,0,0,1,5.547324113070508
2010-07-06,Ann Arbor,MW,10,295.8990039592829,3.910769231,1,0,0,1,0,2,3,0,0,1,0,0,0,0,3.910769231,0.0,0.0,3.910769231,0.0,2,3,0,0,1,5.690018193260866
2010-07-13,Ann Arbor,MW,11,456.4665898284072,4.111666667,1,0,0,1,1,2,3,0,0,1,1,0,0,0,4.111666667,0.0,0.0,4.111666667,4.111666667,2,3,0,0,2,6.123515509686154
2010-05-04,Annapolis,MA,1,155.8729504260816,3.904285714,0,0,0,0,0,1,1,0,0,0,0,0,0,0,0.0,0.0,0.0,0.0,0.0,0,0,0,0,0,5.049041255083483
2010-05-11,Annapolis,MA,2,193.51021803007458,3.54,0,0,0,0,0,1,1,0,0,0,0,0,0,0,0.0,0.0,0.0,0.0,0.0,0,0,0,0,0,5.265330317432604
2010-05-18,Annapolis,MA,3,309.49467078266366,3.480909091,0,0,0,0,0,1,1,0,0,0,0,0,0,0,0.0,0.0,0.0,0.0,0.0,0,0,0,0,0,5.734940873180489
2010-05-25,Annapolis,MA,4,254.92885294652805,3.598333333,0,0,0,0,0,1,1,0,0,0,0,0,0,0,0.0,0.0,0.0,0.0,0.0,0,0,0,0,0,5.5409844981756065
2010-06-01,Annapolis,MA,5,195.30839872109902,3.480909091,0,0,0,0,0,1,1,0,0,0,0,0,0,0,0.0,0.0,0.0,0.0,0.0,0,0,0,0,0,5.274579841162275
2010-06-08,Annapolis,MA,6,267.9387426433417,4.056666667,0,0,1,0,0,1,1,0,0,0,0,0,0,0,0.0,0.0,4.056666667,0.0,0.0,0,0,0,1,0,5.590758382157907
2010-06-15,Annapolis,MA,7,247.13009632274492,4.056666667,0,0,0,1,0,1,1,0,0,0,0,0,0,0,0.0,0.0,0.0,4.056666667,0.0,0,0,0,0,1,5.509914903727286
2010-06-22,Annapolis,MA,8,299.34168500631745,3.714545455,0,0,0,1,0,1,1,0,0,0,0,0,0,0,0.0,0.0,0.0,3.714545455,0.0,0,0,0,0,1,5.701585680156841
2010-06-29,Annapolis,MA,9,265.72152913234976,4.04,0,0,0,1,0,1,1,0,0,0,0,0,0,0,0.0,0.0,0.0,4.04,0.0,0,0,0,0,1,5.582448877455891
2010-07-06,Annapolis,MA,10,259.0427794596325,3.711666667,0,0,0,0,1,1,1,0,0,0,0,0,0,0,0.0,0.0,0.0,0.0,3.711666667,0,0,0,0,1,5.556993219719014
2010-07-13,Annapolis,MA,11,280.6576747149924,3.711666667,0,0,0,0,1,1,1,0,0,0,0,0,0,0,0.0,0.0,0.0,0.0,3.711666667,0,0,0,0,1,5.637135687228426
2010-05-04,Arroyo,SP,1,291.0121385713248,5.171818182,1,0,0,1,0,3,2,0,0,1,0,0,0,0,5.171818182,0.0,0.0,5.171818182,0.0,3,2,0,0,1,5.673364979605038
2010-05-11,Arroyo,SP,2,392.00386938557574,4.804285714,1,0,0,0,1,3,2,0,0,0,1,0,0,0,4.804285714,0.0,0.0,0.0,4.804285714,3,2,0,0,1,5.971271710623316
2010-05-18,Arroyo,SP,3,232.24175965634072,4.684615385,1,0,0,0,1,3,2,0,0,0,1,0,0,0,4.684615385,0.0,0.0,0.0,4.684615385,3,2,0,0,1,5.447778896575117
2010-05-25,Arroyo,SP,4,278.487360157804,4.357142857,1,0,0,0,0,3,2,0,0,0,0,0,0,0,4.357142857,0.0,0.0,0.0,0.0,3,2,0,0,0,5.629372672907601
2010-06-01,Arroyo,SP,5,240.16927545178177,4.193333333,1,0,0,0,0,3,2,0,0,0,0,0,0,0,4.193333333,0.0,0.0,0.0,0.0,3,2,0,0,0,5.481343989107121
2010-06-08,Arroyo,SP,6,229.22119123887884,4.943076923,1,0,0,0,0,3,2,0,0,0,0,0,0,0,4.943076923,0.0,0.0,0.0,0.0,3,2,0,0,0,5.434687437978873
2010-06-15,Arroyo,SP,7,226.59172468991767,4.856666667,1,0,1,0,0,3,2,0,1,0,0,0,0,0,4.856666667,0.0,4.856666667,0.0,0.0,3,2,0,2,0,5.4231498284650845
2010-06-22,Arroyo,SP,8,300.13453271253246,4.856666667,1,0,0,1,0,3,2,0,0,1,0,0,0,0,4.856666667,0.0,0.0,4.856666667,0.0,3,2,0,0,1,5.704230816511078
2010-06-29,Arroyo,SP,9,457.3367179736489,4.79,1,0,1,1,0,3,2,0,1,1,0,0,0,0,4.79,0.0,4.79,4.79,0.0,3,2,0,2,1,6.125419920407351
2010-07-06,Arroyo,SP,10,368.9864550098739,3.910909091,1,0,0,1,0,3,2,0,0,1,0,0,0,0,3.910909091,0.0,0.0,3.910909091,0.0,3,2,0,0,1,5.9107599360764835
2010-07-13,Arroyo,SP,11,409.11152616635826,4.307692308,1,0,0,1,1,3,2,0,0,1,1,0,0,0,4.307692308,0.0,0.0,4.307692308,4.307692308,3,2,0,0,2,6.013987798985682
2010-05-04,Bedford,Unknown,1,185.93067785169436,4.204285714,0,0,0,0,0,2,5,0,0,0,0,0,0,0,0.0,0.0,0.0,0.0,0.0,0,0,0,0,0,5.225373904521325
2010-05-11,Bedford,Unknown,2,139.78138217043124,4.204285714,0,0,0,0,0,2,5,0,0,0,0,0,0,0,0.0,0.0,0.0,0.0,0.0,0,0,0,0,0,4.940079646184608
2010-05-18,Bedford,Unknown,3,148.0362942262577,3.756666667,0,0,0,0,0,2,5,0,0,0,0,0,0,0,0.0,0.0,0.0,0.0,0.0,0,0,0,0,0,4.997457474958343
2010-05-25,Bedford,Unknown,4,188.05332765225825,3.861428571,0,0,0,0,0,2,5,0,0,0,0,0,0,0,0.0,0.0,0.0,0.0,0.0,0,0,0,0,0,5.2367255803314805
2010-06-01,Bedford,Unknown,5,186.24054578756517,3.861428571,0,0,0,0,0,2,5,0,0,0,0,0,0,0,0.0,0.0,0.0,0.0,0.0,0,0,0,0,0,5.227039095099159
2010-06-08,Bedford,Unknown,6,167.5095676094167,4.204285714,0,0,0,0,0,2,5,0,0,0,0,0,0,0,0.0,0.0,0.0,0.0,0.0,0,0,0,0,0,5.121040469690052
2010-06-15,Bedford,Unknown,7,106.25215438591715,4.156666667,0,0,0,0,0,2,5,0,0,0,0,0,0,0,0.0,0.0,0.0,0.0,0.0,0,0,0,0,0,4.665815084172297
2010-06-22,Bedford,Unknown,8,167.94479187981128,4.115,0,0,0,0,0,2,5,0,0,0,0,0,0,0,0.0,0.0,0.0,0.0,0.0,0,0,0,0,0,5.1236353056329245
2010-06-29,Bedford,Unknown,9,87.51636752659402,4.204285714,0,0,0,0,0,2,5,0,0,0,0,0,0,0,0.0,0.0,0.0,0.0,0.0,0,0,0,0,0,4.471825833317295
2010-07-06,Bedford,Unknown,10,171.45285503751984,3.78,0,0,0,0,0,2,5,0,0,0,0,0,0,0,0.0,0.0,0.0,0.0,0.0,0,0,0,0,0,5.144308331074276
2010-07-13,Bedford,Unknown,11,116.25538178572272,3.273333333,0,0,0,0,0,2,5,0,0,0,0,0,0,0,0.0,0.0,0.0,0.0,0.0,0,0,0,0,0,4.755789338326837
2010-05-04,Bellaire,SW,1,202.1458166815677,4.561428571,0,0,0,0,0,2,2,0,0,0,0,0,0,0,0.0,0.0,0.0,0.0,0.0,0,0,0,0,0,5.308989301742392
2010-05-11,Bellaire,SW,2,52.213145785657815,4.561428571,0,0,0,0,0,2,2,0,0,0,0,0,0,0,0.0,0.0,0.0,0.0,0.0,0,0,0,0,0,3.9553342981577764
2010-05-18,Bellaire,SW,3,207.0588104235799,3.918571429,0,0,0,0,0,2,2,0,0,0,0,0,0,0,0.0,0.0,0.0,0.0,0.0,0,0,0,0,0,5.333002861240714
2010-05-25,Bellaire,SW,4,152.87623885689678,3.906666667,0,0,0,0,0,2,2,0,0,0,0,0,0,0,0.0,0.0,0.0,0.0,0.0,0,0,0,0,0,5.029628697699092
2010-06-01,Bellaire,SW,5,196.04716299730703,3.906666667,0,0,0,0,0,2,2,0,0,0,0,0,0,0,0.0,0.0,0.0,0.0,0.0,0,0,0,0,0,5.2783552578216355
2010-06-08,Bellaire,SW,6,119.13768659840005,4.49,0,0,0,0,0,2,2,0,0,0,0,0,0,0,0.0,0.0,0.0,0.0,0.0,0,0,0,0,0,4.7802798545065635
2010-06-15,Bellaire,SW,7,195.47753057514362,4.561428571,0,0,0,0,0,2,2,0,0,0,0,0,0,0,0.0,0.0,0.0,0.0,0.0,0,0,0,0,0,5.275445439700634
2010-06-22,Bellaire,SW,8,225.2512826860309,4.434444444,0,0,0,0,0,2,2,0,0,0,0,0,0,0,0.0,0.0,0.0,0.0,0.0,0,0,0,0,0,5.417216590971816
2010-06-29,Bellaire,SW,9,114.94396178259787,4.49,0,0,0,0,0,2,2,0,0,0,0,0,0,0,0.0,0.0,0.0,0.0,0.0,0,0,0,0,0,4.744444720752481
2010-07-06,Bellaire,SW,10,170.280205414481,4.347142857,0,0,0,0,0,2,2,0,0,0,0,0,0,0,0.0,0.0,0.0,0.0,0.0,0,0,0,0,0,5.137445347292798
2010-07-13,Bellaire,SW,11,223.10655945633962,4.347142857,0,0,0,0,0,2,2,0,0,0,0,0,0,0,0.0,0.0,0.0,0.0,0.0,0,0,0,0,0,5.407649502424201
2010-05-04,Bellevue,PN,1,178.29670585357894,4.836153846,1,0,0,0,0,1,2,0,0,0,0,0,0,0,4.836153846,0.0,0.0,0.0,0.0,1,2,0,0,0,5.183449049396007
2010-05-11,Bellevue,PN,2,198.50634000008165,4.216666667,1,0,0,0,0,1,2,0,0,0,0,0,0,0,4.216666667,0.0,0.0,0.0,0.0,1,2,0,0,0,5.290821039164199
2010-05-18,Bellevue,PN,3,329.45434946502655,4.10875,1,0,0,0,0,1,2,0,0,0,0,0,0,0,4.10875,0.0,0.0,0.0,0.0,1,2,0,0,0,5.797437799473399
2010-05-25,Bellevue,PN,4,241.51370533549425,4.10875,1,0,0,0,0,1,2,0,0,0,0,0,0,0,4.10875,0.0,0.0,0.0,0.0,1,2,0,0,0,5.486926222353969
2010-06-01,Bellevue,PN,5,180.82678849892994,4.10875,1,0,0,0,0,1,2,0,0,0,0,0,0,0,4.10875,0.0,0.0,0.0,0.0,1,2,0,0,0,5.19753960345889
2010-06-08,Bellevue,PN,6,226.09586664201674,4.563333333,1,0,0,0,0,1,2,0,0,0,0,0,0,0,4.563333333,0.0,0.0,0.0,0.0,1,2,0,0,0,5.420959098011191
2010-06-15,Bellevue,PN,7,257.0299672932946,4.318571429,1,0,0,0,0,1,2,0,0,0,0,0,0,0,4.318571429,0.0,0.0,0.0,0.0,1,2,0,0,0,5.549192682351537
2010-06-22,Bellevue,PN,8,751.927131851851,4.073333333,1,1,1,0,0,1,2,1,1,0,0,1,0,0,4.073333333,4.073333333,4.073333333,0.0,0.0,1,2,1,2,0,6.622639420121638
2010-06-29,Bellevue,PN,9,789.0918702876852,3.394,1,1,0,1,0,1,2,1,0,1,0,0,1,0,3.394,3.394,0.0,3.394,0.0,1,2,1,0,1,6.670882752961797
2010-07-06,Bellevue,PN,10,831.1448960269718,3.526875,1,1,0,1,0,1,2,1,0,1,0,0,1,0,3.526875,3.526875,0.0,3.526875,0.0,1,2,1,0,1,6.722804143105935
2010-07-13,Bellevue,PN,11,725.7300700685885,2.889285714,1,1,0,1,0,1,2,1,0,1,0,0,1,0,2.889285714,2.889285714,0.0,2.889285714,0.0,1,2,1,0,1,6.587178141375196
2010-05-04,Bellingham,Unknown,1,156.18498714315612,4.204285714,0,0,0,0,0,2,0,0,0,0,0,0,0,0,0.0,0.0,0.0,0.0,0.0,0,0,0,0,0,5.051041119746458
2010-05-11,Bellingham,Unknown,2,208.03543903928815,4.118571429,0,0,0,0,0,2,0,0,0,0,0,0,0,0,0.0,0.0,0.0,0.0,0.0,0,0,0,0,0,5.337708445184872
2010-05-18,Bellingham,Unknown,3,165.1392012787361,3.861428571,0,0,0,0,0,2,0,0,0,0,0,0,0,0,0.0,0.0,0.0,0.0,0.0,0,0,0,0,0,5.106788762346461
2010-05-25,Bellingham,Unknown,4,165.86791419546105,3.861428571,0,0,0,0,0,2,0,0,0,0,0,0,0,0,0.0,0.0,0.0,0.0,0.0,0,0,0,0,0,5.111191774003461
2010-06-01,Bellingham,Unknown,5,134.3364436525095,3.756666667,0,0,0,0,0,2,0,0,0,0,0,0,0,0,0.0,0.0,0.0,0.0,0.0,0,0,0,0,0,4.900347426751295
2010-06-08,Bellingham,Unknown,6,187.07895060685277,4.204285714,0,0,0,0,0,2,0,0,0,0,0,0,0,0,0.0,0.0,0.0,0.0,0.0,0,0,0,0,0,5.231530723513606
2010-06-15,Bellingham,Unknown,7,230.61403857519278,4.204285714,0,0,0,0,0,2,0,0,0,0,0,0,0,0,0.0,0.0,0.0,0.0,0.0,0,0,0,0,0,5.440745484451987
2010-06-22,Bellingham,Unknown,8,150.45427153164584,4.204285714,0,0,0,0,0,2,0,0,0,0,0,0,0,0,0.0,0.0,0.0,0.0,0.0,0,0,0,0,0,5.013659194375549
2010-06-29,Bellingham,Unknown,9,303.29102884007824,3.823333333,0,0,0,0,0,2,0,0,0,0,0,0,0,0,0.0,0.0,0.0,0.0,0.0,0,0,0,0,0,5.714692835754208
2010-07-06,Bellingham,Unknown,10,256.18144733588514,3.096,0,0,0,0,0,2,0,0,0,0,0,0,0,0,0.0,0.0,0.0,0.0,0.0,0,0,0,0,0,5.545885972070399
2010-07-13,Bellingham,Unknown,11,241.4529425346323,3.096,0,0,0,0,0,2,0,0,0,0,0,0,0,0,0.0,0.0,0.0,0.0,0.0,0,0,0,0,0,5.48667459917688
2010-05-04,Belmar,RM,1,297.217085045607,4.29,1,0,0,0,0,2,2,0,0,0,0,0,0,0,4.29,0.0,0.0,0.0,0.0,2,2,0,0,0,5.694462797885813
2010-05-11,Belmar,RM,2,268.40556671680145,4.29,1,0,0,0,0,2,2,0,0,0,0,0,0,0,4.29,0.0,0.0,0.0,0.0,2,2,0,0,0,5.592499145258012
2010-05-18,Belmar,RM,3,206.02798850125583,4.085833333,1,0,0,0,0,2,2,0,0,0,0,0,0,0,4.085833333,0.0,0.0,0.0,0.0,2,2,0,0,0,5.328012026071513
2010-05-25,Belmar,RM,4,201.96734153603134,4.085833333,1,0,0,0,0,2,2,0,0,0,0,0,0,0,4.085833333,0.0,0.0,0.0,0.0,2,2,0,0,0,5.3081060087661
2010-06-01,Belmar,RM,5,239.72697458725526,3.84,1,0,0,0,0,2,2,0,0,0,0,0,0,0,3.84,0.0,0.0,0.0,0.0,2,2,0,0,0,5.479500669890816
2010-06-08,Belmar,RM,6,171.3928185915526,4.259230769,1,0,0,0,0,2,2,0,0,0,0,0,0,0,4.259230769,0.0,0.0,0.0,0.0,2,2,0,0,0,5.143958106753546
2010-06-15,Belmar,RM,7,172.74559451311936,4.99,1,0,0,0,0,2,2,0,0,0,0,0,0,0,4.99,0.0,0.0,0.0,0.0,2,2,0,0,0,5.1518199602277726
2010-06-22,Belmar,RM,8,379.20412736310453,3.768571429,1,0,1,0,0,2,2,0,1,0,0,0,0,0,3.768571429,0.0,3.768571429,0.0,0.0,2,2,0,2,0,5.9380746547180046
2010-06-29,Belmar,RM,9,346.14938028154523,4.7025,1,0,0,1,0,2,2,0,0,1,0,0,0,0,4.7025,0.0,0.0,4.7025,0.0,2,2,0,0,1,5.846870416804781
2010-07-06,Belmar,RM,10,371.4853015379951,3.587857143,1,0,0,1,0,2,2,0,0,1,0,0,0,0,3.587857143,0.0,0.0,3.587857143,0.0,2,2,0,0,1,5.917509298201458
2010-07-13,Belmar,RM,11,302.6070851681874,3.845,1,0,0,1,0,2,2,0,0,1,0,0,0,0,3.845,0.0,0.0,3.845,0.0,2,2,0,0,1,5.712435215383474
2010-05-04,Bend,PN,1,222.52263971093493,4.6775,1,0,0,0,0,0,2,0,0,0,0,0,0,0,4.6775,0.0,0.0,0.0,0.0,0,2,0,0,0,5.405028847939781
2010-05-11,Bend,PN,2,242.03280687191778,4.204285714,1,0,0,0,0,0,2,0,0,0,0,0,0,0,4.204285714,0.0,0.0,0.0,0.0,0,2,0,0,0,5.48907328255494
2010-05-18,Bend,PN,3,222.57224133212202,4.2025,1,0,0,0,0,0,2,0,0,0,0,0,0,0,4.2025,0.0,0.0,0.0,0.0,0,2,0,0,0,5.405251729053472
2010-05-25,Bend,PN,4,240.30479994791227,3.578888889,1,0,0,0,0,0,2,0,0,0,0,0,0,0,3.578888889,0.0,0.0,0.0,0.0,0,2,0,0,0,5.481908117357379
2010-06-01,Bend,PN,5,297.3226068572849,4.045555556,1,0,0,0,0,0,2,0,0,0,0,0,0,0,4.045555556,0.0,0.0,0.0,0.0,0,2,0,0,0,5.694817767669068
2010-06-08,Bend,PN,6,214.81187824301838,4.467777778,1,0,0,0,0,0,2,0,0,0,0,0,0,0,4.467777778,0.0,0.0,0.0,0.0,0,2,0,0,0,5.369762660188725
2010-06-15,Bend,PN,7,224.8050965955104,3.701111111,1,0,0,0,0,0,2,0,0,0,0,0,0,0,3.701111111,0.0,0.0,0.0,0.0,0,2,0,0,0,5.415233789450751
2010-06-22,Bend,PN,8,242.09166269073933,3.89,1,0,0,0,0,0,2,0,0,0,0,0,0,0,3.89,0.0,0.0,0.0,0.0,0,2,0,0,0,5.489316425890226
2010-06-29,Bend,PN,9,221.63976625680948,3.758181818,1,0,0,0,0,0,2,0,0,0,0,0,0,0,3.758181818,0.0,0.0,0.0,0.0,0,2,0,0,0,5.401053389391164
2010-07-06,Bend,PN,10,269.9951777161158,2.995384615,1,0,0,0,0,0,2,0,0,0,0,0,0,0,2.995384615,0.0,0.0,0.0,0.0,0,2,0,0,0,5.598404098528195
2010-07-13,Bend,PN,11,320.5851253295836,2.995384615,1,0,0,0,0,0,2,0,0,0,0,0,0,0,2.995384615,0.0,0.0,0.0,0.0,0,2,0,0,0,5.7701478427472175
2010-05-04,Bethesda,MA,1,138.23122585798117,3.94,0,0,0,0,0,3,3,0,0,0,0,0,0,0,0.0,0.0,0.0,0.0,0.0,0,0,0,0,0,4.928927832685378
2010-05-11,Bethesda,MA,2,263.23886655750505,3.523333333,0,0,0,0,0,3,3,0,0,0,0,0,0,0,0.0,0.0,0.0,0.0,0.0,0,0,0,0,0,5.573061857840558
2010-05-18,Bethesda,MA,3,119.96198152396379,3.547142857,0,0,0,0,0,3,3,0,0,0,0,0,0,0,0.0,0.0,0.0,0.0,0.0,0,0,0,0,0,4.7871748719501515
2010-05-25,Bethesda,MA,4,212.3619917666408,3.44,0,0,0,0,0,3,3,0,0,0,0,0,0,0,0.0,0.0,0.0,0.0,0.0,0,0,0,0,0,5.35829232687021
2010-06-01,Bethesda,MA,5,167.08937074641238,3.547142857,0,0,0,0,0,3,3,0,0,0,0,0,0,0,0.0,0.0,0.0,0.0,0.0,0,0,0,0,0,5.118528823442963
2010-06-08,Bethesda,MA,6,293.5218341381096,3.523333333,0,1,1,0,0,3,3,0,0,0,0,1,0,0,0.0,3.523333333,3.523333333,0.0,0.0,0,0,3,3,0,5.68195202879457
2010-06-15,Bethesda,MA,7,207.82069971104056,3.6275,0,1,0,1,0,3,3,0,0,0,0,0,1,0,0.0,3.6275,0.0,3.6275,0.0,0,0,3,0,1,5.336675687327891
2010-06-22,Bethesda,MA,8,273.70825654064475,3.6275,0,1,0,1,0,3,3,0,0,0,0,0,1,0,0.0,3.6275,0.0,3.6275,0.0,0,0,3,0,1,5.612062781980548
2010-06-29,Bethesda,MA,9,252.250376244991,3.523333333,0,1,0,1,0,3,3,0,0,0,0,0,1,0,0.0,3.523333333,0.0,3.523333333,0.0,0,0,3,0,1,5.530422150788566
2010-07-06,Bethesda,MA,10,299.6356855130226,3.19625,0,1,0,0,1,3,3,0,0,0,0,0,0,1,0.0,3.19625,0.0,0.0,3.19625,0,0,3,0,1,5.702567355074077
2010-07-13,Bethesda,MA,11,305.56784938341957,3.19625,0,1,0,0,1,3,3,0,0,0,0,0,0,1,0.0,3.19625,0.0,0.0,3.19625,0,0,3,0,1,5.722171846860755
2010-05-04,Biscayne (aka Aventura),FL,1,150.70208791270338,4.39,0,0,0,0,0,1,0,0,0,0,0,0,0,0,0.0,0.0,0.0,0.0,0.0,0,0,0,0,0,5.015304960298938
2010-05-11,Biscayne (aka Aventura),FL,2,197.40379746159692,3.997692308,0,0,0,0,0,1,0,0,0,0,0,0,0,0,0.0,0.0,0.0,0.0,0.0,0,0,0,0,0,5.285251364208453
2010-05-18,Biscayne (aka Aventura),FL,3,235.10617151568056,3.809230769,0,0,0,0,0,1,0,0,0,0,0,0,0,0,0.0,0.0,0.0,0.0,0.0,0,0,0,0,0,5.4600372057998685
2010-05-25,Biscayne (aka Aventura),FL,4,226.69242729239602,3.835,0,0,0,0,0,1,0,0,0,0,0,0,0,0,0.0,0.0,0.0,0.0,0.0,0,0,0,0,0,5.423594152863785
2010-06-01,Biscayne (aka Aventura),FL,5,257.6881507581437,3.9025,0,0,0,0,0,1,0,0,0,0,0,0,0,0,0.0,0.0,0.0,0.0,0.0,0,0,0,0,0,5.551750135841155
2010-06-08,Biscayne (aka Aventura),FL,6,132.9571897800336,4.497692308,0,0,0,0,0,1,0,0,0,0,0,0,0,0,0.0,0.0,0.0,0.0,0.0,0,0,0,0,0,4.890027195053701
2010-06-15,Biscayne (aka Aventura),FL,7,221.88996854773592,4.116666667,0,0,0,0,0,1,0,0,0,0,0,0,0,0,0.0,0.0,0.0,0.0,0.0,0,0,0,0,0,5.402181621831215
2010-06-22,Biscayne (aka Aventura),FL,8,245.8813563549141,4.116666667,0,0,0,0,0,1,0,0,0,0,0,0,0,0,0.0,0.0,0.0,0.0,0.0,0,0,0,0,0,5.504849128352348
2010-06-29,Biscayne (aka Aventura),FL,9,156.10253495207493,4.116666667,0,0,0,0,0,4,0,0,0,0,0,0,0,0,0.0,0.0,0.0,0.0,0.0,0,0,0,0,0,5.050513066672522
2010-07-06,Biscayne (aka Aventura),FL,10,200.103966035524,3.747333333,0,0,0,0,0,1,0,0,0,0,0,0,0,0,0.0,0.0,0.0,0.0,0.0,0,0,0,0,0,5.298837061660755
2010-07-13,Biscayne (aka Aventura),FL,11,128.3960033534251,4.0125,0,0,0,0,0,1,0,0,0,0,0,0,0,0,0.0,0.0,0.0,0.0,0.0,0,0,0,0,0,4.8551192642404635
2010-05-04,Boca Raton,FL,1,142.7782101619132,4.39,0,0,0,0,0,0,4,0,0,0,0,0,0,0,0.0,0.0,0.0,0.0,0.0,0,0,0,0,0,4.961292448359892
2010-05-11,Boca Raton,FL,2,237.54455427205485,4.235454545,0,0,0,0,0,0,4,0,0,0,0,0,0,0,0.0,0.0,0.0,0.0,0.0,0,0,0,0,0,5.470355202815559
2010-05-18,Boca Raton,FL,3,141.53329677413038,3.809230769,0,0,0,0,0,0,4,0,0,0,0,0,0,0,0.0,0.0,0.0,0.0,0.0,0,0,0,0,0,4.9525350022929375
2010-05-25,Boca Raton,FL,4,158.07394923631875,3.809230769,0,0,0,0,0,0,4,0,0,0,0,0,0,0,0.0,0.0,0.0,0.0,0.0,0,0,0,0,0,5.0630629566748775
2010-06-01,Boca Raton,FL,5,255.1177433993459,4.055625,0,0,0,0,0,0,4,0,0,0,0,0,0,0,0.0,0.0,0.0,0.0,0.0,0,0,0,0,0,5.541725177410824
2010-06-08,Boca Raton,FL,6,129.7936265289386,4.383333333,0,0,0,0,0,0,4,0,0,0,0,0,0,0,0.0,0.0,0.0,0.0,0.0,0,0,0,0,0,4.865945700822051
2010-06-15,Boca Raton,FL,7,137.76428505272105,4.35875,0,0,0,0,0,0,4,0,0,0,0,0,0,0,0.0,0.0,0.0,0.0,0.0,0,0,0,0,0,4.925544145398343
2010-06-22,Boca Raton,FL,8,306.79381870647745,4.35875,0,0,0,0,0,0,4,0,0,0,0,0,0,0,0.0,0.0,0.0,0.0,0.0,0,0,0,0,0,5.7261759216580534
2010-06-29,Boca Raton,FL,9,103.31902266752807,4.35875,0,0,0,0,0,0,4,0,0,0,0,0,0,0,0.0,0.0,0.0,0.0,0.0,0,0,0,0,0,4.6378215089061685
2010-07-06,Boca Raton,FL,10,240.22517723014784,4.0125,0,0,0,0,0,0,4,0,0,0,0,0,0,0,0.0,0.0,0.0,0.0,0.0,0,0,0,0,0,5.4815767219303515
2010-07-13,Boca Raton,FL,11,190.02480103062567,4.0125,0,0,0,0,0,0,4,0,0,0,0,0,0,0,0.0,0.0,0.0,0.0,0.0,0,0,0,0,0,5.247154595382095
2010-05-04,Bowery,NE,1,127.97854653078643,4.632857143,0,0,0,0,0,1,2,0,0,0,0,0,0,0,0.0,0.0,0.0,0.0,0.0,0,0,0,0,0,4.8518626446440605
2010-05-11,Bowery,NE,2,152.5346601739578,4.9275,0,0,0,0,0,1,2,0,0,0,0,0,0,0,0.0,0.0,0.0,0.0,0.0,0,0,0,0,0,5.02739185005255
2010-05-18,Bowery,NE,3,250.59645711523632,4.36875,0,0,0,0,0,1,2,0,0,0,0,0,0,0,0.0,0.0,0.0,0.0,0.0,0,0,0,0,0,5.523843904753237
2010-05-25,Bowery,NE,4,230.18775321635798,4.208571429,1,0,0,0,0,1,2,0,0,0,0,0,0,0,4.208571429,0.0,0.0,0.0,0.0,1,2,0,0,0,5.438895294248591
2010-06-01,Bowery,NE,5,258.2664824987909,4.208571429,1,0,0,0,0,1,2,0,0,0,0,0,0,0,4.208571429,0.0,0.0,0.0,0.0,1,2,0,0,0,5.553991929772547
2010-06-08,Bowery,NE,6,120.9717472247146,4.632857143,1,0,0,0,0,1,2,0,0,0,0,0,0,0,4.632857143,0.0,0.0,0.0,0.0,1,2,0,0,0,4.7955570243221475
2010-06-15,Bowery,NE,7,323.95524257777464,4.645555556,1,0,1,0,0,1,2,0,1,0,0,0,0,0,4.645555556,0.0,4.645555556,0.0,0.0,1,2,0,2,0,5.78060536605804
2010-06-22,Bowery,NE,8,332.5395828446539,4.12,1,0,0,1,0,1,2,0,0,1,0,0,0,0,4.12,0.0,0.0,4.12,0.0,1,2,0,0,1,5.806758899159814
2010-06-29,Bowery,NE,9,318.75480206331304,4.12,1,0,0,1,0,1,2,0,0,1,0,0,0,0,4.12,0.0,0.0,4.12,0.0,1,2,0,0,1,5.7644221616558236
2010-07-06,Bowery,NE,10,333.8480520114657,3.311111111,1,0,0,1,0,1,2,0,0,1,0,0,0,0,3.311111111,0.0,0.0,3.311111111,0.0,1,2,0,0,1,5.81068595536538
2010-07-13,Bowery,NE,11,335.2813146473761,3.147,1,0,0,0,1,1,2,0,0,0,1,0,0,0,3.147,0.0,0.0,0.0,3.147,1,2,0,0,1,5.814969924652365
2010-05-04,Bridgeport,PN,1,248.68135852550364,4.573333333,1,0,0,0,0,1,0,0,0,0,0,0,0,0,4.573333333,0.0,0.0,0.0,0.0,1,0,0,0,0,5.516172392332586
2010-05-11,Bridgeport,PN,2,240.50305920641685,4.262727273,1,0,0,0,0,1,0,0,0,0,0,0,0,0,4.262727273,0.0,0.0,0.0,0.0,1,0,0,0,0,5.482732809657916
2010-05-18,Bridgeport,PN,3,278.55463184751704,4.171818182,1,0,0,0,0,1,0,0,0,0,0,0,0,0,4.171818182,0.0,0.0,0.0,0.0,1,0,0,0,0,5.629614204752616
2010-05-25,Bridgeport,PN,4,204.6524044585125,4.198333333,1,0,0,0,0,1,0,0,0,0,0,0,0,0,4.198333333,0.0,0.0,0.0,0.0,1,0,0,0,0,5.321312951994789
2010-06-01,Bridgeport,PN,5,266.28435473241257,4.171818182,1,0,0,0,0,1,0,0,0,0,0,0,0,0,4.171818182,0.0,0.0,0.0,0.0,1,0,0,0,0,5.584564740558567
2010-06-08,Bridgeport,PN,6,175.1653579681735,4.197142857,1,0,0,0,0,1,0,0,0,0,0,0,0,0,4.197142857,0.0,0.0,0.0,0.0,1,0,0,0,0,5.165730430459275
2010-06-15,Bridgeport,PN,7,280.7123995994751,3.947142857,1,0,0,0,0,1,0,0,0,0,0,0,0,0,3.947142857,0.0,0.0,0.0,0.0,1,0,0,0,0,5.637330656241417
2010-06-22,Bridgeport,PN,8,712.7245451358299,3.182307692,1,1,0,0,0,1,0,1,0,0,0,0,0,0,3.182307692,3.182307692,0.0,0.0,0.0,1,0,1,0,0,6.56909501356097
2010-06-29,Bridgeport,PN,9,648.3832487052559,3.59,1,1,0,0,0,1,0,1,0,0,0,0,0,0,3.59,3.59,0.0,0.0,0.0,1,0,1,0,0,6.47448195471172
2010-07-06,Bridgeport,PN,10,776.2939057323359,3.315,1,1,0,0,0,1,0,1,0,0,0,0,0,0,3.315,3.315,0.0,0.0,0.0,1,0,1,0,0,6.654531192978058
2010-07-13,Bridgeport,PN,11,737.2091629822706,3.030714286,1,1,0,0,0,1,0,1,0,0,0,0,0,0,3.030714286,3.030714286,0.0,0.0,0.0,1,0,1,0,0,6.602871655157206
2010-05-04,Cedar Center,MA,1,170.70252409514936,3.904285714,0,0,0,0,0,2,2,0,0,0,0,0,0,0,0.0,0.0,0.0,0.0,0.0,0,0,0,0,0,5.139922416423055
2010-05-11,Cedar Center,MA,2,115.68799780222325,3.904285714,0,0,0,0,0,2,2,0,0,0,0,0,0,0,0.0,0.0,0.0,0.0,0.0,0,0,0,0,0,4.750896893315043
2010-05-18,Cedar Center,MA,3,162.40568885032002,3.618571429,0,0,0,0,0,2,2,0,0,0,0,0,0,0,0.0,0.0,0.0,0.0,0.0,0,0,0,0,0,5.090097456980549
2010-05-25,Cedar Center,MA,4,257.487773031381,3.7775,0,0,0,0,0,2,2,0,0,0,0,0,0,0,0.0,0.0,0.0,0.0,0.0,0,0,0,0,0,5.550972235603142
2010-06-01,Cedar Center,MA,5,248.69065608190527,3.7775,0,0,0,0,0,2,2,0,0,0,0,0,0,0,0.0,0.0,0.0,0.0,0.0,0,0,0,0,0,5.516209779061754
2010-06-08,Cedar Center,MA,6,151.2934119660532,3.7525,0,0,0,0,0,2,2,0,0,0,0,0,0,0,0.0,0.0,0.0,0.0,0.0,0,0,0,0,0,5.01922107699139
2010-06-15,Cedar Center,MA,7,155.60504802348748,3.944444444,0,0,0,0,0,2,2,0,0,0,0,0,0,0,0.0,0.0,0.0,0.0,0.0,0,0,0,0,0,5.047321053528382
2010-06-22,Cedar Center,MA,8,110.56019874438178,3.856666667,0,0,0,0,0,2,2,0,0,0,0,0,0,0,0.0,0.0,0.0,0.0,0.0,0,0,0,0,0,4.705560157633354
2010-06-29,Cedar Center,MA,9,233.25920301361484,3.967777778,0,0,0,0,0,2,2,0,0,0,0,0,0,0,0.0,0.0,0.0,0.0,0.0,0,0,0,0,0,5.452150294527301
2010-07-06,Cedar Center,MA,10,228.32504147049605,3.473333333,0,0,0,0,0,2,2,0,0,0,0,0,0,0,0.0,0.0,0.0,0.0,0.0,0,0,0,0,0,5.430770234206966
2010-07-13,Cedar Center,MA,11,221.7910534331412,3.473333333,0,0,0,0,0,2,2,0,0,0,0,0,0,0,0.0,0.0,0.0,0.0,0.0,0,0,0,0,0,5.401735737913116
2010-05-04,Cerrillos (aka Santa Fe),RM,1,145.78336079215677,5.39,1,0,0,0,0,1,1,0,0,0,0,0,0,0,5.39,0.0,0.0,0.0,0.0,1,1,0,0,0,4.98212168955139
2010-05-11,Cerrillos (aka Santa Fe),RM,2,309.0527624695414,5.018571429,1,0,0,0,0,1,1,0,0,0,0,0,0,0,5.018571429,0.0,0.0,0.0,0.0,1,1,0,0,0,5.733512014649839
2010-05-18,Cerrillos (aka Santa Fe),RM,3,154.59788084785293,5.215,1,0,0,0,0,1,1,0,0,0,0,0,0,0,5.215,0.0,0.0,0.0,0.0,1,1,0,0,0,5.040827428736303
2010-05-25,Cerrillos (aka Santa Fe),RM,4,247.7256456135009,4.881666667,1,0,0,0,0,1,1,0,0,0,0,0,0,0,4.881666667,0.0,0.0,0.0,0.0,1,1,0,0,0,5.512321866111719
2010-06-01,Cerrillos (aka Santa Fe),RM,5,227.9923632947267,3.966666667,1,0,0,0,0,1,1,0,0,0,0,0,0,0,3.966666667,0.0,0.0,0.0,0.0,1,1,0,0,0,5.429312134072119
2010-06-08,Cerrillos (aka Santa Fe),RM,6,226.5964968466343,3.997692308,1,0,0,0,0,1,1,0,0,0,0,0,0,0,3.997692308,0.0,0.0,0.0,0.0,1,1,0,0,0,5.423170888839075
2010-06-15,Cerrillos (aka Santa Fe),RM,7,233.31521082097063,4.895882353,1,0,0,0,0,1,1,0,0,0,0,0,0,0,4.895882353,0.0,0.0,0.0,0.0,1,1,0,0,0,5.452390375448861
2010-06-22,Cerrillos (aka Santa Fe),RM,8,215.2072262050822,4.9275,1,0,0,0,0,1,1,0,0,0,0,0,0,0,4.9275,0.0,0.0,0.0,0.0,1,1,0,0,0,5.371601406743766
2010-06-29,Cerrillos (aka Santa Fe),RM,9,233.4145411751786,4.316666667,1,0,0,0,0,1,1,0,0,0,0,0,0,0,4.316666667,0.0,0.0,0.0,0.0,1,1,0,0,0,5.4528160194335555
2010-07-06,Cerrillos (aka Santa Fe),RM,10,297.11769231578774,4.121333333,1,0,0,0,0,1,1,0,0,0,0,0,0,0,4.121333333,0.0,0.0,0.0,0.0,1,1,0,0,0,5.694128330731839
2010-07-13,Cerrillos (aka Santa Fe),RM,11,258.46230884332823,4.680666667,1,0,0,0,0,1,1,0,0,0,0,0,0,0,4.680666667,0.0,0.0,0.0,0.0,1,1,0,0,0,5.554749876135101
2010-05-04,Chelsea,NE,1,169.60160845688188,4.24,0,0,0,0,0,2,1,0,0,0,0,0,0,0,0.0,0.0,0.0,0.0,0.0,0,0,0,0,0,5.133452207138786
2010-05-11,Chelsea,NE,2,209.3971488106277,4.228333333,0,0,0,0,0,2,1,0,0,0,0,0,0,0,0.0,0.0,0.0,0.0,0.0,0,0,0,0,0,5.344232682348646
2010-05-18,Chelsea,NE,3,196.34960394675636,3.995,0,0,0,0,0,2,1,0,0,0,0,0,0,0,0.0,0.0,0.0,0.0,0.0,0,0,0,0,0,5.279896763944095
2010-05-25,Chelsea,NE,4,358.380552167768,3.995,1,0,0,0,0,2,1,0,0,0,0,0,0,0,3.995,0.0,0.0,0.0,0.0,2,1,0,0,0,5.881595416703735
2010-06-01,Chelsea,NE,5,198.00953936017774,3.995,1,0,0,0,0,2,1,0,0,0,0,0,0,0,3.995,0.0,0.0,0.0,0.0,2,1,0,0,0,5.288315208120741
2010-06-08,Chelsea,NE,6,166.40779961215463,4.24,1,0,0,0,0,2,1,0,0,0,0,0,0,0,4.24,0.0,0.0,0.0,0.0,2,1,0,0,0,5.114441399957817
2010-06-15,Chelsea,NE,7,299.87320850245294,4.24,1,0,1,0,0,2,1,0,1,0,0,0,0,0,4.24,0.0,4.24,0.0,0.0,2,1,0,1,0,5.703359746994295
2010-06-22,Chelsea,NE,8,344.8556995824525,4.24,1,0,0,1,0,2,1,0,0,1,0,0,0,0,4.24,0.0,0.0,4.24,0.0,2,1,0,0,1,5.84312606745553
2010-06-29,Chelsea,NE,9,340.2669632140071,4.24,1,0,0,1,0,2,1,0,0,1,0,0,0,0,4.24,0.0,0.0,4.24,0.0,2,1,0,0,1,5.829730495436555
2010-07-06,Chelsea,NE,10,262.2811771809394,3.745,1,0,0,1,0,2,1,0,0,1,0,0,0,0,3.745,0.0,0.0,3.745,0.0,2,1,0,0,1,5.569417123645753
2010-07-13,Chelsea,NE,11,235.86848608428613,3.745,1,0,0,0,1,1,1,0,0,0,1,0,0,0,3.745,0.0,0.0,0.0,3.745,1,1,0,0,1,5.463274387342516
2010-05-04,Cobb (aka Cobb Harry's),SO,1,87.77358443557465,4.047142857,0,0,0,0,0,0,4,0,0,0,0,0,0,0,0.0,0.0,0.0,0.0,0.0,0,0,0,0,0,4.47476059473077
2010-05-11,Cobb (aka Cobb Harry's),SO,2,245.93352431001077,3.715,0,0,0,0,0,0,4,0,0,0,0,0,0,0,0.0,0.0,0.0,0.0,0.0,0,0,0,0,0,5.505061273032565
2010-05-18,Cobb (aka Cobb Harry's),SO,3,210.68338188723854,3.55,0,0,0,0,0,0,4,0,0,0,0,0,0,0,0.0,0.0,0.0,0.0,0.0,0,0,0,0,0,5.350356446732596
2010-05-25,Cobb (aka Cobb Harry's),SO,4,178.4884674068916,3.456666667,0,0,0,0,0,0,4,0,0,0,0,0,0,0,0.0,0.0,0.0,0.0,0.0,0,0,0,0,0,5.1845239907677305
2010-06-01,Cobb (aka Cobb Harry's),SO,5,167.60502654274245,3.645555556,0,0,0,0,0,0,4,0,0,0,0,0,0,0,0.0,0.0,0.0,0.0,0.0,0,0,0,0,0,5.121610178903398
2010-06-08,Cobb (aka Cobb Harry's),SO,6,198.35748859076747,3.64,0,0,0,0,0,0,4,0,0,0,0,0,0,0,0.0,0.0,0.0,0.0,0.0,0,0,0,0,0,5.290070900675526
2010-06-15,Cobb (aka Cobb Harry's),SO,7,238.09361478071992,3.944545455,0,0,0,0,0,0,4,0,0,0,0,0,0,0,0.0,0.0,0.0,0.0,0.0,0,0,0,0,0,5.472663935748596
2010-06-22,Cobb (aka Cobb Harry's),SO,8,175.31419360725383,3.9775,0,0,0,0,0,0,4,0,0,0,0,0,0,0,0.0,0.0,0.0,0.0,0.0,0,0,0,0,0,5.166579756175188
2010-06-29,Cobb (aka Cobb Harry's),SO,9,191.40718785265034,4.565,0,0,0,0,0,0,4,0,0,0,0,0,0,0,0.0,0.0,0.0,0.0,0.0,0,0,0,0,0,5.254403032402799
2010-07-06,Cobb (aka Cobb Harry's),SO,10,145.28131779876975,3.625555556,0,0,0,0,0,0,4,0,0,0,0,0,0,0,0.0,0.0,0.0,0.0,0.0,0,0,0,0,0,4.978671985563288
2010-07-13,Cobb (aka Cobb Harry's),SO,11,275.5621188446319,3.44,0,0,0,0,0,0,4,0,0,0,0,0,0,0,0.0,0.0,0.0,0.0,0.0,0,0,0,0,0,5.618813079926932
2010-05-04,Columbus,MA,1,326.96440424362925,4.118571429,0,0,0,0,1,0,4,0,0,0,0,0,0,0,0.0,0.0,0.0,0.0,4.118571429,0,0,0,0,1,5.789851309447991
2010-05-11,Columbus,MA,2,172.1360212340205,4.1275,0,0,0,0,1,0,4,0,0,0,0,0,0,0,0.0,0.0,0.0,0.0,4.1275,0,0,0,0,1,5.148284985407212
2010-05-18,Columbus,MA,3,209.29898754632404,3.618571429,0,0,0,0,0,0,4,0,0,0,0,0,0,0,0.0,0.0,0.0,0.0,0.0,0,0,0,0,0,5.343763792107832
2010-05-25,Columbus,MA,4,158.70198965864137,3.75625,0,0,0,0,0,0,4,0,0,0,0,0,0,0,0.0,0.0,0.0,0.0,0.0,0,0,0,0,0,5.067028164685287
2010-06-01,Columbus,MA,5,203.48322561971932,3.7775,0,0,0,0,0,0,4,0,0,0,0,0,0,0,0.0,0.0,0.0,0.0,0.0,0,0,0,0,0,5.315583572098032
2010-06-08,Columbus,MA,6,183.09666170836235,3.634444444,0,0,0,0,0,0,4,0,0,0,0,0,0,0,0.0,0.0,0.0,0.0,0.0,0,0,0,0,0,5.210014219446331
2010-06-15,Columbus,MA,7,162.39531158880175,3.7525,0,0,0,0,0,0,4,0,0,0,0,0,0,0,0.0,0.0,0.0,0.0,0.0,0,0,0,0,0,5.090033557783762
2010-06-22,Columbus,MA,8,372.16674821309607,3.735454545,0,0,1,0,0,0,4,0,0,0,0,0,0,0,0.0,0.0,3.735454545,0.0,0.0,0,0,0,4,0,5.919342001724742
2010-06-29,Columbus,MA,9,389.75935425641995,3.735454545,0,0,0,1,0,0,4,0,0,0,0,0,0,0,0.0,0.0,0.0,3.735454545,0.0,0,0,0,0,1,5.9655295083077835
2010-07-06,Columbus,MA,10,302.6825591168823,3.495,0,0,0,1,0,0,4,0,0,0,0,0,0,0,0.0,0.0,0.0,3.495,0.0,0,0,0,0,1,5.712684596650108
2010-07-13,Columbus,MA,11,301.8969483469724,3.495,0,0,0,1,0,0,4,0,0,0,0,0,0,0,0.0,0.0,0.0,3.495,0.0,0,0,0,0,1,5.710085728503284
2010-05-04,Columbus Circle,NE,1,203.79754865341786,4.204285714,0,0,0,0,0,2,1,0,0,0,0,0,0,0,0.0,0.0,0.0,0.0,0.0,0,0,0,0,0,5.3171270925191205
2010-05-11,Columbus Circle,NE,2,219.29149989342258,4.823333333,0,0,0,0,0,2,1,0,0,0,0,0,0,0,0.0,0.0,0.0,0.0,0.0,0,0,0,0,0,5.390401894496736
2010-05-18,Columbus Circle,NE,3,294.082433742423,4.12,0,0,0,0,0,2,1,0,0,0,0,0,0,0,0.0,0.0,0.0,0.0,0.0,0,0,0,0,0,5.683860114916617
2010-05-25,Columbus Circle,NE,4,337.7297490405155,3.924285714,1,0,0,0,0,2,1,0,0,0,0,0,0,0,3.924285714,0.0,0.0,0.0,0.0,2,1,0,0,0,5.822246016613464
2010-06-01,Columbus Circle,NE,5,198.84945852895032,3.924285714,1,0,0,0,0,2,1,0,0,0,0,0,0,0,3.924285714,0.0,0.0,0.0,0.0,2,1,0,0,0,5.292548048637421
2010-06-08,Columbus Circle,NE,6,224.22524285785963,4.204285714,1,0,0,0,0,2,1,0,0,0,0,0,0,0,4.204285714,0.0,0.0,0.0,0.0,2,1,0,0,0,5.41265109510242
2010-06-15,Columbus Circle,NE,7,258.8578909740204,4.204285714,1,0,0,0,0,2,1,0,0,0,0,0,0,0,4.204285714,0.0,0.0,0.0,0.0,2,1,0,0,0,5.556279227619672
2010-06-22,Columbus Circle,NE,8,259.4017347676792,3.801111111,1,0,0,0,0,2,1,0,0,0,0,0,0,0,3.801111111,0.0,0.0,0.0,0.0,2,1,0,0,0,5.558377959476324
2010-06-29,Columbus Circle,NE,9,206.1745931678478,3.93375,1,0,0,0,0,2,1,0,0,0,0,0,0,0,3.93375,0.0,0.0,0.0,0.0,2,1,0,0,0,5.328723349480406
2010-07-06,Columbus Circle,NE,10,304.4683595475764,3.311111111,1,0,0,0,0,2,1,0,0,0,0,0,0,0,3.311111111,0.0,0.0,0.0,0.0,2,1,0,0,0,5.718567172219213
2010-07-13,Columbus Circle,NE,11,331.1818117981256,3.147,1,0,0,0,0,2,1,0,0,0,0,0,0,0,3.147,0.0,0.0,0.0,0.0,2,1,0,0,0,5.802667504934701
2010-05-04,Coral Gables,FL,1,149.767871471215,4.518571429,0,0,0,0,0,2,1,0,0,0,0,0,0,0,0.0,0.0,0.0,0.0,0.0,0,0,0,0,0,5.009086571919704
2010-05-11,Coral Gables,FL,2,223.61275942695596,3.72,0,0,0,0,0,2,1,0,0,0,0,0,0,0,0.0,0.0,0.0,0.0,0.0,0,0,0,0,0,5.409915803279693
2010-05-18,Coral Gables,FL,3,216.36969551659044,3.793636364,0,0,0,0,0,2,1,0,0,0,0,0,0,0,0.0,0.0,0.0,0.0,0.0,0,0,0,0,0,5.376988497963475
2010-05-25,Coral Gables,FL,4,205.53494026207323,3.904,0,0,0,0,0,2,1,0,0,0,0,0,0,0,0.0,0.0,0.0,0.0,0.0,0,0,0,0,0,5.32561604508977
2010-06-01,Coral Gables,FL,5,131.626529533105,4.043333333,0,0,0,0,0,2,1,0,0,0,0,0,0,0,0.0,0.0,0.0,0.0,0.0,0,0,0,0,0,4.879968590771087
2010-06-08,Coral Gables,FL,6,199.9339107502483,4.406666667,0,1,0,0,0,2,1,0,0,0,0,0,0,0,0.0,4.406666667,0.0,0.0,0.0,0,0,2,0,0,5.297986865689886
2010-06-15,Coral Gables,FL,7,217.95188990662,4.35875,0,1,0,0,0,2,1,0,0,0,0,0,0,0,0.0,4.35875,0.0,0.0,0.0,0,0,2,0,0,5.384274349932055
2010-06-22,Coral Gables,FL,8,139.61353155344537,4.39,0,1,0,0,0,2,1,0,0,0,0,0,0,0,0.0,4.39,0.0,0.0,0.0,0,0,2,0,0,4.938878116529382
2010-06-29,Coral Gables,FL,9,106.41656568614175,4.520769231,0,1,0,0,0,2,1,0,0,0,0,0,0,0,0.0,4.520769231,0.0,0.0,0.0,0,0,2,0,0,4.667361257327645
2010-07-06,Coral Gables,FL,10,203.7432037076017,3.901538462,0,1,0,0,0,2,1,0,0,0,0,0,0,0,0.0,3.901538462,0.0,0.0,0.0,0,0,2,0,0,5.3168603955283364
2010-07-13,Coral Gables,FL,11,159.4336953663794,4.193571429,0,0,0,0,0,2,1,0,0,0,0,0,0,0,0.0,0.0,0.0,0.0,0.0,0,0,0,0,0,5.071628132764337
2010-05-04,Coral Springs,FL,1,305.18329023177324,4.49,0,0,0,0,1,1,1,0,0,0,0,0,0,0,0.0,0.0,0.0,0.0,4.49,0,0,0,0,1,5.720912547687906
2010-05-11,Coral Springs,FL,2,235.45710901698865,4.401111111,0,0,0,0,1,1,1,0,0,0,0,0,0,0,0.0,0.0,0.0,0.0,4.401111111,0,0,0,0,1,5.461528769552882
2010-05-18,Coral Springs,FL,3,239.69490187969444,3.809230769,0,0,0,0,0,1,1,0,0,0,0,0,0,0,0.0,0.0,0.0,0.0,0.0,0,0,0,0,0,5.4793668724602735
2010-05-25,Coral Springs,FL,4,220.9467905298957,4.064,0,0,0,0,0,1,1,0,0,0,0,0,0,0,0.0,0.0,0.0,0.0,0.0,0,0,0,0,0,5.397921905695715
2010-06-01,Coral Springs,FL,5,233.3260029758486,3.957857143,0,0,0,0,0,1,1,0,0,0,0,0,0,0,0.0,0.0,0.0,0.0,0.0,0,0,0,0,0,5.452436630064017
2010-06-08,Coral Springs,FL,6,143.7947990543119,3.69,0,0,0,0,0,1,1,0,0,0,0,0,0,0,0.0,0.0,0.0,0.0,0.0,0,0,0,0,0,4.968387276721272
2010-06-15,Coral Springs,FL,7,192.9228885927569,4.643846154,0,0,0,0,0,1,1,0,0,0,0,0,0,0,0.0,0.0,0.0,0.0,0.0,0,0,0,0,0,5.2622905680969545
2010-06-22,Coral Springs,FL,8,134.7129233732819,4.365,0,0,0,0,0,1,1,0,0,0,0,0,0,0,0.0,0.0,0.0,0.0,0.0,0,0,0,0,0,4.903146020709378
2010-06-29,Coral Springs,FL,9,118.93892330308717,4.643846154,0,0,0,0,0,1,1,0,0,0,0,0,0,0,0.0,0.0,0.0,0.0,0.0,0,0,0,0,0,4.778610111800003
2010-07-06,Coral Springs,FL,10,206.22037266815911,3.901538462,0,0,0,0,0,1,1,0,0,0,0,0,0,0,0.0,0.0,0.0,0.0,0.0,0,0,0,0,0,5.328945367226944
2010-07-13,Coral Springs,FL,11,149.38332773588644,4.101666667,0,0,0,0,0,1,1,0,0,0,0,0,0,0,0.0,0.0,0.0,0.0,0.0,0,0,0,0,0,5.006515671664903
2010-05-04,Cranston (aka Garden City Center),Unknown,1,170.86965325119607,4.204285714,0,0,0,0,0,1,1,0,0,0,0,0,0,0,0.0,0.0,0.0,0.0,0.0,0,0,0,0,0,5.140901004144586
2010-05-11,Cranston (aka Garden City Center),Unknown,2,181.3218606763065,4.144285714,0,0,0,0,0,1,1,0,0,0,0,0,0,0,0.0,0.0,0.0,0.0,0.0,0,0,0,0,0,5.200273687857115
2010-05-18,Cranston (aka Garden City Center),Unknown,3,207.62913381436493,3.861428571,0,0,0,0,0,1,1,0,0,0,0,0,0,0,0.0,0.0,0.0,0.0,0.0,0,0,0,0,0,5.335753477738219
2010-05-25,Cranston (aka Garden City Center),Unknown,4,275.8314061762902,3.861428571,0,0,0,0,0,1,1,0,0,0,0,0,0,0,0.0,0.0,0.0,0.0,0.0,0,0,0,0,0,5.619789831886642
2010-06-01,Cranston (aka Garden City Center),Unknown,5,265.6991123081269,3.861428571,0,0,0,0,0,1,1,0,0,0,0,0,0,0,0.0,0.0,0.0,0.0,0.0,0,0,0,0,0,5.582364511804699
2010-06-08,Cranston (aka Garden City Center),Unknown,6,175.77994787357068,4.204285714,0,0,0,0,0,1,1,0,0,0,0,0,0,0,0.0,0.0,0.0,0.0,0.0,0,0,0,0,0,5.169232916592882
2010-06-15,Cranston (aka Garden City Center),Unknown,7,259.8576440505994,4.204285714,0,0,0,0,0,1,1,0,0,0,0,0,0,0,0.0,0.0,0.0,0.0,0.0,0,0,0,0,0,5.560133958187829
2010-06-22,Cranston (aka Garden City Center),Unknown,8,178.2175821027093,4.204285714,0,0,0,0,0,1,1,0,0,0,0,0,0,0,0.0,0.0,0.0,0.0,0.0,0,0,0,0,0,5.183005175168007
2010-06-29,Cranston (aka Garden City Center),Unknown,9,257.4490389874982,4.204285714,0,0,0,0,0,1,1,0,0,0,0,0,0,0,0.0,0.0,0.0,0.0,0.0,0,0,0,0,0,5.55082179367298
2010-07-06,Cranston (aka Garden City Center),Unknown,10,157.42434823148506,3.78,0,0,0,0,0,1,1,0,0,0,0,0,0,0,0.0,0.0,0.0,0.0,0.0,0,0,0,0,0,5.058945014181926
2010-07-13,Cranston (aka Garden City Center),Unknown,11,217.67586032582702,3.424285714,0,0,0,0,0,1,1,0,0,0,0,0,0,0,0.0,0.0,0.0,0.0,0.0,0,0,0,0,0,5.383007077047868
2010-05-04,Deerfield,MW,1,309.3677136414213,4.612222222,1,0,0,0,0,3,3,0,0,0,0,0,0,0,4.612222222,0.0,0.0,0.0,0.0,3,3,0,0,0,5.734530581179492
2010-05-11,Deerfield,MW,2,350.66536397796096,4.59,1,0,0,0,0,3,3,0,0,0,0,0,0,0,4.59,0.0,0.0,0.0,0.0,3,3,0,0,0,5.859832389730899
2010-05-18,Deerfield,MW,3,346.5922484267645,3.765,1,0,0,0,0,3,3,0,0,0,0,0,0,0,3.765,0.0,0.0,0.0,0.0,3,3,0,0,0,5.848149012423118
2010-05-25,Deerfield,MW,4,265.65104041132753,3.713076923,1,0,0,0,0,3,3,0,0,0,0,0,0,0,3.713076923,0.0,0.0,0.0,0.0,3,3,0,0,0,5.582183569363318
2010-06-01,Deerfield,MW,5,288.2923555199025,4.135454545,1,0,0,0,0,3,3,0,0,0,0,0,0,0,4.135454545,0.0,0.0,0.0,0.0,3,3,0,0,0,5.663975088579671
2010-06-08,Deerfield,MW,6,344.0580896636464,4.075714286,1,0,1,0,0,3,3,0,1,0,0,0,0,0,4.075714286,0.0,4.075714286,0.0,0.0,3,3,0,3,0,5.8408105084185555
2010-06-15,Deerfield,MW,7,308.46141357434493,4.075714286,1,0,0,1,0,3,3,0,0,1,0,0,0,0,4.075714286,0.0,0.0,4.075714286,0.0,3,3,0,0,1,5.731596757967795
2010-06-22,Deerfield,MW,8,350.9047427505092,3.59,1,0,0,1,0,3,3,0,0,1,0,0,0,0,3.59,0.0,0.0,3.59,0.0,3,3,0,0,1,5.860514798458244
2010-06-29,Deerfield,MW,9,333.0656461667815,4.056666667,1,0,0,1,0,3,3,0,0,1,0,0,0,0,4.056666667,0.0,0.0,4.056666667,0.0,3,3,0,0,1,5.808339606187748
2010-07-06,Deerfield,MW,10,352.88012995688933,3.373571429,1,0,0,0,1,3,3,0,0,0,1,0,0,0,3.373571429,0.0,0.0,0.0,3.373571429,3,3,0,0,1,5.866128424071637
2010-07-13,Deerfield,MW,11,348.12137023237113,4.114,1,0,0,0,1,3,3,0,0,0,1,0,0,0,4.114,0.0,0.0,0.0,4.114,3,3,0,0,1,5.852551184005636
2010-05-04,Duluth,SO,1,230.1112287241528,3.804285714,0,0,0,0,0,1,3,0,0,0,0,0,0,0,0.0,0.0,0.0,0.0,0.0,0,0,0,0,0,5.43856279517337
2010-05-11,Duluth,SO,2,168.72879952235644,3.432857143,0,0,0,0,0,1,3,0,0,0,0,0,0,0,0.0,0.0,0.0,0.0,0.0,0,0,0,0,0,5.12829268940011
2010-05-18,Duluth,SO,3,245.15087899877142,3.456666667,0,0,0,0,0,1,3,0,0,0,0,0,0,0,0.0,0.0,0.0,0.0,0.0,0,0,0,0,0,5.501873853645664
2010-05-25,Duluth,SO,4,228.7583767332389,3.456666667,0,0,0,0,0,1,3,0,0,0,0,0,0,0,0.0,0.0,0.0,0.0,0.0,0,0,0,0,0,5.432666323084008
2010-06-01,Duluth,SO,5,79.24358503552007,3.456666667,0,0,0,0,0,1,3,0,0,0,0,0,0,0,0.0,0.0,0.0,0.0,0.0,0,0,0,0,0,4.372526463557055
2010-06-08,Duluth,SO,6,177.13649188396496,3.556666667,0,0,0,0,0,1,3,0,0,0,0,0,0,0,0.0,0.0,0.0,0.0,0.0,0,0,0,0,0,5.176920575985066
2010-06-15,Duluth,SO,7,212.02714552404672,3.556666667,0,0,0,0,0,1,3,0,0,0,0,0,0,0,0.0,0.0,0.0,0.0,0.0,0,0,0,0,0,5.35671431139971
2010-06-22,Duluth,SO,8,189.0860292572404,3.664444444,0,0,0,0,0,1,3,0,0,0,0,0,0,0,0.0,0.0,0.0,0.0,0.0,0,0,0,0,0,5.24220209275132
2010-06-29,Duluth,SO,9,140.57626423509885,3.69,0,0,0,0,0,1,3,0,0,0,0,0,0,0,0.0,0.0,0.0,0.0,0.0,0,0,0,0,0,4.945750147451707
2010-07-06,Duluth,SO,10,167.77461217715774,3.44,0,0,0,0,0,1,3,0,0,0,0,0,0,0,0.0,0.0,0.0,0.0,0.0,0,0,0,0,0,5.122621484476486
2010-07-13,Duluth,SO,11,249.08875583242423,3.57875,0,0,0,0,0,1,3,0,0,0,0,0,0,0,0.0,0.0,0.0,0.0,0.0,0,0,0,0,0,5.517809282078012
2010-05-04,Edgewater,NE,1,280.6650615174227,4.161428571,0,0,0,1,0,2,0,0,0,0,0,0,0,0,0.0,0.0,0.0,4.161428571,0.0,0,0,0,0,1,5.637162006498799
2010-05-11,Edgewater,NE,2,340.35566181391414,4.161428571,0,0,0,0,1,2,0,0,0,0,0,0,0,0,0.0,0.0,0.0,0.0,4.161428571,0,0,0,0,1,5.829991135024919
2010-05-18,Edgewater,NE,3,293.192482907672,3.945,0,0,0,0,1,2,0,0,0,0,0,0,0,0,0.0,0.0,0.0,0.0,3.945,0,0,0,0,1,5.680829331579033
2010-05-25,Edgewater,NE,4,247.64821289163172,4.237142857,1,0,0,0,0,2,0,0,0,0,0,0,0,0,4.237142857,0.0,0.0,0.0,0.0,2,0,0,0,0,5.512009242741832
2010-06-01,Edgewater,NE,5,236.2298359597438,4.45625,1,0,0,0,0,2,0,0,0,0,0,0,0,0,4.45625,0.0,0.0,0.0,0.0,2,0,0,0,0,5.4648052122963495
2010-06-08,Edgewater,NE,6,272.23564345348746,4.732857143,1,0,0,0,0,2,0,0,0,0,0,0,0,0,4.732857143,0.0,0.0,0.0,0.0,2,0,0,0,0,5.606668027469425
2010-06-15,Edgewater,NE,7,183.6752077624872,4.161428571,1,0,0,0,0,2,0,0,0,0,0,0,0,0,4.161428571,0.0,0.0,0.0,0.0,2,0,0,0,0,5.213169022647595
2010-06-22,Edgewater,NE,8,252.50665912191596,4.19,1,0,0,0,0,2,0,0,0,0,0,0,0,0,4.19,0.0,0.0,0.0,0.0,2,0,0,0,0,5.531437621127723
2010-06-29,Edgewater,NE,9,289.86053137541177,4.161428571,1,0,0,0,0,2,0,0,0,0,0,0,0,0,4.161428571,0.0,0.0,0.0,0.0,2,0,0,0,0,5.669399881006696
2010-07-06,Edgewater,NE,10,200.91386435089427,3.78,1,0,0,0,0,2,0,0,0,0,0,0,0,0,3.78,0.0,0.0,0.0,0.0,2,0,0,0,0,5.302876280643778
2010-07-13,Edgewater,NE,11,135.1673761865116,3.78,1,0,0,0,0,2,0,0,0,0,0,0,0,0,3.78,0.0,0.0,0.0,0.0,2,0,0,0,0,4.906513834095615
2010-05-04,Fair Lakes,MA,1,137.12077837143028,3.904285714,0,0,0,0,0,3,1,0,0,0,0,0,0,0,0.0,0.0,0.0,0.0,0.0,0,0,0,0,0,4.920862131404466
2010-05-11,Fair Lakes,MA,2,184.9234011847617,3.54,0,0,0,0,0,3,1,0,0,0,0,0,0,0,0.0,0.0,0.0,0.0,0.0,0,0,0,0,0,5.219941691686992
2010-05-18,Fair Lakes,MA,3,169.8355734878014,3.34,0,0,0,0,0,3,1,0,0,0,0,0,0,0,0.0,0.0,0.0,0.0,0.0,0,0,0,0,0,5.13483075421858
2010-05-25,Fair Lakes,MA,4,219.35191068157138,3.34,0,0,0,0,0,3,1,0,0,0,0,0,0,0,0.0,0.0,0.0,0.0,0.0,0,0,0,0,0,5.390677338226537
2010-06-01,Fair Lakes,MA,5,148.64037025483785,3.34,0,0,0,0,0,3,1,0,0,0,0,0,0,0,0.0,0.0,0.0,0.0,0.0,0,0,0,0,0,5.001529766012627
2010-06-08,Fair Lakes,MA,6,292.9061942911504,3.54,0,0,0,0,0,3,1,0,0,0,0,0,0,0,0.0,0.0,0.0,0.0,0.0,0,0,0,0,0,5.679852401753293
2010-06-15,Fair Lakes,MA,7,222.27630722949587,3.54,0,0,0,0,0,3,1,0,0,0,0,0,0,0,0.0,0.0,0.0,0.0,0.0,0,0,0,0,0,5.40392123512587
2010-06-22,Fair Lakes,MA,8,148.14743432601222,3.634444444,0,0,0,0,0,3,1,0,0,0,0,0,0,0,0.0,0.0,0.0,0.0,0.0,0,0,0,0,0,4.998207955786673
2010-06-29,Fair Lakes,MA,9,270.14187028195647,3.7525,0,0,0,0,0,3,1,0,0,0,0,0,0,0,0.0,0.0,0.0,0.0,0.0,0,0,0,0,0,5.59894726648896
2010-07-06,Fair Lakes,MA,10,194.17912340552422,3.251111111,0,0,0,0,0,3,1,0,0,0,0,0,0,0,0.0,0.0,0.0,0.0,0.0,0,0,0,0,0,5.268781049592146
2010-07-13,Fair Lakes,MA,11,170.53767932678917,3.126,0,0,0,0,0,3,1,0,0,0,0,0,0,0,0.0,0.0,0.0,0.0,0.0,0,0,0,0,0,5.138956265427187
2010-05-04,Fairfax,SP,1,193.07111576122563,4.823333333,1,0,0,0,0,2,1,0,0,0,0,0,0,0,4.823333333,0.0,0.0,0.0,0.0,2,1,0,0,0,5.263058596481245
2010-05-11,Fairfax,SP,2,263.6401683637975,4.823333333,1,0,0,0,0,2,1,0,0,0,0,0,0,0,4.823333333,0.0,0.0,0.0,0.0,2,1,0,0,0,5.574585174796808
2010-05-18,Fairfax,SP,3,176.27411971333566,4.475833333,1,0,0,0,0,2,1,0,0,0,0,0,0,0,4.475833333,0.0,0.0,0.0,0.0,2,1,0,0,0,5.172040281766713
2010-05-25,Fairfax,SP,4,223.05409216806893,4.200714286,1,0,0,0,0,2,1,0,0,0,0,0,0,0,4.200714286,0.0,0.0,0.0,0.0,2,1,0,0,0,5.407414307821892
2010-06-01,Fairfax,SP,5,164.639545269204,4.343125,1,0,0,0,0,2,1,0,0,0,0,0,0,0,4.343125,0.0,0.0,0.0,0.0,2,1,0,0,0,5.10375851011159
2010-06-08,Fairfax,SP,6,248.94088069259905,4.554375,1,0,0,0,0,2,1,0,0,0,0,0,0,0,4.554375,0.0,0.0,0.0,0.0,2,1,0,0,0,5.517215441337117
2010-06-15,Fairfax,SP,7,373.2320667751258,4.62125,1,0,1,0,0,2,1,0,1,0,0,0,0,0,4.62125,0.0,4.62125,0.0,0.0,2,1,0,1,0,5.92220038911669
2010-06-22,Fairfax,SP,8,338.16030483453295,4.62125,1,0,0,1,0,2,1,0,0,1,0,0,0,0,4.62125,0.0,0.0,4.62125,0.0,2,1,0,0,1,5.8235200577087225
2010-06-29,Fairfax,SP,9,415.1144520418583,4.62125,1,0,0,1,0,2,1,0,0,1,0,0,0,0,4.62125,0.0,0.0,4.62125,0.0,2,1,0,0,1,6.028554270260835
2010-07-06,Fairfax,SP,10,302.5293924820977,4.286875,1,0,0,1,0,2,1,0,0,1,0,0,0,0,4.286875,0.0,0.0,4.286875,0.0,2,1,0,0,1,5.712178437980736
2010-07-13,Fairfax,SP,11,287.38644702780186,4.248125,1,0,0,0,1,2,1,0,0,0,1,0,0,0,4.248125,0.0,0.0,0.0,4.248125,2,1,0,0,1,5.6608278153576315
2010-05-04,Forest,SW,1,237.3954784561629,4.656666667,0,0,0,0,0,1,3,0,0,0,0,0,0,0,0.0,0.0,0.0,0.0,0.0,0,0,0,0,0,5.469727435895464
2010-05-11,Forest,SW,2,127.58748598161851,4.656666667,0,0,0,0,0,1,3,0,0,0,0,0,0,0,0.0,0.0,0.0,0.0,0.0,0,0,0,0,0,4.848802293856924
2010-05-18,Forest,SW,3,225.12905589435766,4.073333333,0,0,0,0,0,1,3,0,0,0,0,0,0,0,0.0,0.0,0.0,0.0,0.0,0,0,0,0,0,5.416673819521982
2010-05-25,Forest,SW,4,180.17531816690257,4.073333333,0,0,0,0,0,1,3,0,0,0,0,0,0,0,0.0,0.0,0.0,0.0,0.0,0,0,0,0,0,5.193930366686024
2010-06-01,Forest,SW,5,243.54637923742172,3.99,0,0,0,0,0,1,3,0,0,0,0,0,0,0,0.0,0.0,0.0,0.0,0.0,0,0,0,0,0,5.4953073935332215
2010-06-08,Forest,SW,6,237.60447921304112,4.561428571,0,0,0,0,0,1,3,0,0,0,0,0,0,0,0.0,0.0,0.0,0.0,0.0,0,0,0,0,0,5.470607439217534
2010-06-15,Forest,SW,7,191.1237226038278,3.99,0,0,0,0,0,1,3,0,0,0,0,0,0,0,0.0,0.0,0.0,0.0,0.0,0,0,0,0,0,5.252920980662877
2010-06-22,Forest,SW,8,254.32043545714106,3.99,0,0,0,0,0,1,3,0,0,0,0,0,0,0,0.0,0.0,0.0,0.0,0.0,0,0,0,0,0,5.538595028842121
2010-06-29,Forest,SW,9,217.85736718097553,3.99,0,0,0,0,0,1,3,0,0,0,0,0,0,0,0.0,0.0,0.0,0.0,0.0,0,0,0,0,0,5.383840569668835
2010-07-06,Forest,SW,10,200.95126772413698,4.39,0,0,0,0,0,1,3,0,0,0,0,0,0,0,0.0,0.0,0.0,0.0,0.0,0,0,0,0,0,5.303062429529886
2010-07-13,Forest,SW,11,120.85052045059405,4.39,0,0,0,0,0,1,3,0,0,0,0,0,0,0,0.0,0.0,0.0,0.0,0.0,0,0,0,0,0,4.794554413723537
2010-05-04,Fort Apache,SP,1,347.9172153866301,4.659230769,1,0,0,0,1,1,2,0,0,0,1,0,0,0,4.659230769,0.0,0.0,0.0,4.659230769,1,2,0,0,1,5.851964564654888
2010-05-11,Fort Apache,SP,2,203.79678939029128,4.396666667,1,0,0,0,1,1,2,0,0,0,1,0,0,0,4.396666667,0.0,0.0,0.0,4.396666667,1,2,0,0,1,5.3171233669368165
2010-05-18,Fort Apache,SP,3,241.46231143286374,4.153076923,1,0,0,0,0,1,2,0,0,0,0,0,0,0,4.153076923,0.0,0.0,0.0,0.0,1,2,0,0,0,5.486713400594544
2010-05-25,Fort Apache,SP,4,233.11930465913042,4.1,1,0,0,0,0,1,2,0,0,0,0,0,0,0,4.1,0.0,0.0,0.0,0.0,1,2,0,0,0,5.451550359683054
2010-06-01,Fort Apache,SP,5,206.84188496625376,4.142857143,1,0,0,0,0,1,2,0,0,0,0,0,0,0,4.142857143,0.0,0.0,0.0,0.0,1,2,0,0,0,5.3319546606476536
2010-06-08,Fort Apache,SP,6,268.00855954111273,4.329285714,1,0,0,0,0,1,2,0,0,0,0,0,0,0,4.329285714,0.0,0.0,0.0,0.0,1,2,0,0,0,5.591018918587072
2010-06-15,Fort Apache,SP,7,340.7622681053081,4.331666667,1,0,0,0,0,1,2,0,0,0,0,0,0,0,4.331666667,0.0,0.0,0.0,0.0,1,2,0,0,0,5.831185073172292
2010-06-22,Fort Apache,SP,8,299.35138156787457,4.305384615,1,0,0,0,0,1,2,0,0,0,0,0,0,0,4.305384615,0.0,0.0,0.0,0.0,1,2,0,0,0,5.701618072586616
2010-06-29,Fort Apache,SP,9,398.97399022160863,4.44,1,0,1,0,0,1,2,0,1,0,0,0,0,0,4.44,0.0,4.44,0.0,0.0,1,2,0,2,0,5.988896227350557
2010-07-06,Fort Apache,SP,10,317.9031757090902,3.88,1,0,0,1,0,1,2,0,0,1,0,0,0,0,3.88,0.0,0.0,3.88,0.0,1,2,0,0,1,5.761746857514832
2010-07-13,Fort Apache,SP,11,343.4210421083605,3.846153846,1,0,0,1,0,1,2,0,0,1,0,0,0,0,3.846153846,0.0,0.0,3.846153846,0.0,1,2,0,0,1,5.838957222382131
2010-05-04,Fort Collins,RM,1,336.22133222738205,4.317272727,1,0,0,0,1,2,4,0,0,0,1,0,0,0,4.317272727,0.0,0.0,0.0,4.317272727,2,4,0,0,1,5.817769669965101
2010-05-11,Fort Collins,RM,2,364.17453904151307,4.523333333,1,0,0,0,1,2,4,0,0,0,1,0,0,0,4.523333333,0.0,0.0,0.0,4.523333333,2,4,0,0,1,5.89763325557328
2010-05-18,Fort Collins,RM,3,291.1947988284852,4.946923077,1,0,1,0,0,2,4,0,1,0,0,0,0,0,4.946923077,0.0,4.946923077,0.0,0.0,2,4,0,4,0,5.673992454997102
2010-05-25,Fort Collins,RM,4,279.62964251219836,4.693846154,1,0,0,1,0,2,4,0,0,1,0,0,0,0,4.693846154,0.0,0.0,4.693846154,0.0,2,4,0,0,1,5.633466022308854
2010-06-01,Fort Collins,RM,5,328.564645072214,4.843571429,1,0,0,1,0,2,4,0,0,1,0,0,0,0,4.843571429,0.0,0.0,4.843571429,0.0,2,4,0,0,1,5.794733607216416
2010-06-08,Fort Collins,RM,6,329.40232818821283,4.7025,1,0,0,1,0,2,4,0,0,1,0,0,0,0,4.7025,0.0,0.0,4.7025,0.0,2,4,0,0,1,5.797279885685207
2010-06-15,Fort Collins,RM,7,211.37293465463586,4.895882353,1,0,0,0,1,2,4,0,0,0,1,0,0,0,4.895882353,0.0,0.0,0.0,4.895882353,2,4,0,0,1,5.353624036169877
2010-06-22,Fort Collins,RM,8,428.35016052755583,4.025714286,1,0,1,0,1,2,4,0,1,0,1,0,0,0,4.025714286,0.0,4.025714286,0.0,4.025714286,2,4,0,4,1,6.0599409931679045
2010-06-29,Fort Collins,RM,9,412.79178442906306,4.836666667,1,0,1,1,0,2,4,0,1,1,0,0,0,0,4.836666667,0.0,4.836666667,4.836666667,0.0,2,4,0,4,1,6.022943311907926
2010-07-06,Fort Collins,RM,10,328.2210830274815,4.247333333,1,0,0,1,0,2,4,0,0,1,0,0,0,0,4.247333333,0.0,0.0,4.247333333,0.0,2,4,0,0,1,5.793687414945878
2010-07-13,Fort Collins,RM,11,269.8339893357556,4.544375,1,0,0,1,0,2,4,0,0,1,0,0,0,0,4.544375,0.0,0.0,4.544375,0.0,2,4,0,0,1,5.597806915585929
2010-05-04,Fort Lauderdale,FL,1,152.3502851720025,4.373333333,0,0,0,0,0,3,2,0,0,0,0,0,0,0,0.0,0.0,0.0,0.0,0.0,0,0,0,0,0,5.0261823772514465
2010-05-11,Fort Lauderdale,FL,2,118.7681238714665,4.036666667,0,0,0,0,0,3,2,0,0,0,0,0,0,0,0.0,0.0,0.0,0.0,0.0,0,0,0,0,0,4.777173053344694
2010-05-18,Fort Lauderdale,FL,3,147.8176651278733,3.843571429,0,0,0,0,0,3,2,0,0,0,0,0,0,0,0.0,0.0,0.0,0.0,0.0,0,0,0,0,0,4.995979521858385
2010-05-25,Fort Lauderdale,FL,4,199.09332638806947,4.055384615,0,0,0,0,0,3,2,0,0,0,0,0,0,0,0.0,0.0,0.0,0.0,0.0,0,0,0,0,0,5.293773691613701
2010-06-01,Fort Lauderdale,FL,5,160.96977035976758,3.843571429,0,0,0,0,0,3,2,0,0,0,0,0,0,0,0.0,0.0,0.0,0.0,0.0,0,0,0,0,0,5.081216585614446
2010-06-08,Fort Lauderdale,FL,6,204.55912904318689,4.104285714,0,0,0,0,0,3,2,0,0,0,0,0,0,0,0.0,0.0,0.0,0.0,0.0,0,0,0,0,0,5.320857073265551
2010-06-15,Fort Lauderdale,FL,7,189.28982781307974,4.116666667,0,0,0,0,0,3,2,0,0,0,0,0,0,0,0.0,0.0,0.0,0.0,0.0,0,0,0,0,0,5.243279320971562
2010-06-22,Fort Lauderdale,FL,8,177.42078362711993,4.104285714,0,0,0,0,0,3,2,0,0,0,0,0,0,0,0.0,0.0,0.0,0.0,0.0,0,0,0,0,0,5.178524219874029
2010-06-29,Fort Lauderdale,FL,9,173.9912960276617,4.116666667,0,0,0,0,0,3,2,0,0,0,0,0,0,0,0.0,0.0,0.0,0.0,0.0,0,0,0,0,0,5.159005275133815
2010-07-06,Fort Lauderdale,FL,10,141.86786679206392,3.708571429,0,0,0,0,0,3,2,0,0,0,0,0,0,0,0.0,0.0,0.0,0.0,0.0,0,0,0,0,0,4.9548961088540695
2010-07-13,Fort Lauderdale,FL,11,232.06234637484712,3.708571429,0,0,0,0,0,3,2,0,0,0,0,0,0,0,0.0,0.0,0.0,0.0,0.0,0,0,0,0,0,5.447006069938037
2010-05-04,Framingham,Unknown,1,111.15614373321863,4.204285714,0,0,0,0,0,2,1,0,0,0,0,0,0,0,0.0,0.0,0.0,0.0,0.0,0,0,0,0,0,4.71093591313562
2010-05-11,Framingham,Unknown,2,193.7750911858125,4.204285714,0,0,0,0,0,2,1,0,0,0,0,0,0,0,0.0,0.0,0.0,0.0,0.0,0,0,0,0,0,5.266698162743197
2010-05-18,Framingham,Unknown,3,119.110888478872,3.861428571,0,0,0,0,0,2,1,0,0,0,0,0,0,0,0.0,0.0,0.0,0.0,0.0,0,0,0,0,0,4.780054895178833
2010-05-25,Framingham,Unknown,4,260.31146718581414,3.861428571,0,0,0,0,0,2,1,0,0,0,0,0,0,0,0.0,0.0,0.0,0.0,0.0,0,0,0,0,0,5.561878864759779
2010-06-01,Framingham,Unknown,5,227.59917519981593,3.861428571,0,0,0,0,0,1,1,0,0,0,0,0,0,0,0.0,0.0,0.0,0.0,0.0,0,0,0,0,0,5.427586078343219
2010-06-08,Framingham,Unknown,6,161.8930847097138,4.204285714,0,0,0,0,0,1,1,0,0,0,0,0,0,0,0.0,0.0,0.0,0.0,0.0,0,0,0,0,0,5.086936146428012
2010-06-15,Framingham,Unknown,7,141.37859523129777,4.204285714,0,0,0,0,0,1,1,0,0,0,0,0,0,0,0.0,0.0,0.0,0.0,0.0,0,0,0,0,0,4.951441364573044
2010-06-22,Framingham,Unknown,8,231.1243859463278,4.204285714,0,0,0,0,0,1,1,0,0,0,0,0,0,0,0.0,0.0,0.0,0.0,0.0,0,0,0,0,0,5.442956032900419
2010-06-29,Framingham,Unknown,9,198.16490016445118,4.204285714,0,0,0,0,0,1,1,0,0,0,0,0,0,0,0.0,0.0,0.0,0.0,0.0,0,0,0,0,0,5.28909951319819
2010-07-06,Framingham,Unknown,10,279.10944805776563,3.78,0,0,0,0,0,1,1,0,0,0,0,0,0,0,0.0,0.0,0.0,0.0,0.0,0,0,0,0,0,5.631603991842355
2010-07-13,Framingham,Unknown,11,147.9761937457433,3.78,0,0,0,0,0,1,1,0,0,0,0,0,0,0,0.0,0.0,0.0,0.0,0.0,0,0,0,0,0,4.997051407756571
2010-05-04,Fremont,PN,1,198.71200023661908,4.59,1,0,0,0,0,2,4,0,0,0,0,0,0,0,4.59,0.0,0.0,0.0,0.0,2,4,0,0,0,5.291856541476563
2010-05-11,Fremont,PN,2,254.8496929766312,4.6775,1,0,0,0,0,2,4,0,0,0,0,0,0,0,4.6775,0.0,0.0,0.0,0.0,2,4,0,0,0,5.540673932063454
2010-05-18,Fremont,PN,3,343.57247038930075,4.2025,1,0,0,0,0,2,4,0,0,0,0,0,0,0,4.2025,0.0,0.0,0.0,0.0,2,4,0,0,0,5.839398065798082
2010-05-25,Fremont,PN,4,291.41998126943736,4.512222222,1,0,0,0,0,2,4,0,0,0,0,0,0,0,4.512222222,0.0,0.0,0.0,0.0,2,4,0,0,0,5.674765461312277
2010-06-01,Fremont,PN,5,269.07715472197583,4.2025,1,0,0,0,0,2,4,0,0,0,0,0,0,0,4.2025,0.0,0.0,0.0,0.0,2,4,0,0,0,5.594998159004486
2010-06-08,Fremont,PN,6,219.24672508499035,4.6775,1,0,0,0,0,2,4,0,0,0,0,0,0,0,4.6775,0.0,0.0,0.0,0.0,2,4,0,0,0,5.3901976942421745
2010-06-15,Fremont,PN,7,325.6134267742624,4.162727273,1,0,0,0,0,2,4,0,0,0,0,0,0,0,4.162727273,0.0,0.0,0.0,0.0,2,4,0,0,0,5.785710870299853
2010-06-22,Fremont,PN,8,296.1428560162619,4.667777778,1,0,0,0,0,2,4,0,0,0,0,0,0,0,4.667777778,0.0,0.0,0.0,0.0,2,4,0,0,0,5.690841959576237
2010-06-29,Fremont,PN,9,260.03777445463595,3.78,1,0,0,0,0,2,4,0,0,0,0,0,0,0,3.78,0.0,0.0,0.0,0.0,2,4,0,0,0,5.56082690682647
2010-07-06,Fremont,PN,10,159.47447353690495,3.911666667,1,0,0,0,0,2,4,0,0,0,0,0,0,0,3.911666667,0.0,0.0,0.0,0.0,2,4,0,0,0,5.071883868896077
2010-07-13,Fremont,PN,11,283.49315065233446,3.540909091,1,0,0,0,0,2,4,0,0,0,0,0,0,0,3.540909091,0.0,0.0,0.0,0.0,2,4,0,0,0,5.647187962919458
2010-05-04,Fresh Pond,Unknown,1,183.6513906736735,4.6275,0,0,0,0,0,1,1,0,0,0,0,0,0,0,0.0,0.0,0.0,0.0,0.0,0,0,0,0,0,5.213039344650148
2010-05-11,Fresh Pond,Unknown,2,197.1006699575542,4.204285714,0,0,0,0,0,1,1,0,0,0,0,0,0,0,0.0,0.0,0.0,0.0,0.0,0,0,0,0,0,5.283714613227247
2010-05-18,Fresh Pond,Unknown,3,199.90515866215424,3.861428571,0,0,0,0,0,1,1,0,0,0,0,0,0,0,0.0,0.0,0.0,0.0,0.0,0,0,0,0,0,5.297843047387258
2010-05-25,Fresh Pond,Unknown,4,196.18916388001117,4.065,0,0,0,0,0,1,1,0,0,0,0,0,0,0,0.0,0.0,0.0,0.0,0.0,0,0,0,0,0,5.27907931563667
2010-06-01,Fresh Pond,Unknown,5,153.55898268545658,3.861428571,0,0,0,0,0,1,1,0,0,0,0,0,0,0,0.0,0.0,0.0,0.0,0.0,0,0,0,0,0,5.034084745243868
2010-06-08,Fresh Pond,Unknown,6,175.43531115490714,4.204285714,0,0,0,0,0,1,1,0,0,0,0,0,0,0,0.0,0.0,0.0,0.0,0.0,0,0,0,0,0,5.167270377549261
2010-06-15,Fresh Pond,Unknown,7,176.74471525711402,4.6275,0,0,0,0,0,1,1,0,0,0,0,0,0,0,0.0,0.0,0.0,0.0,0.0,0,0,0,0,0,5.174706404794259
2010-06-22,Fresh Pond,Unknown,8,137.50879467861228,4.204285714,0,0,0,0,0,1,1,0,0,0,0,0,0,0,0.0,0.0,0.0,0.0,0.0,0,0,0,0,0,4.923687876360188
2010-06-29,Fresh Pond,Unknown,9,165.45234253989892,4.044545455,0,0,0,0,0,1,1,0,0,0,0,0,0,0,0.0,0.0,0.0,0.0,0.0,0,0,0,0,0,5.108683192864542
2010-07-06,Fresh Pond,Unknown,10,219.32536844150093,3.504545455,0,0,0,0,0,1,1,0,0,0,0,0,0,0,0.0,0.0,0.0,0.0,0.0,0,0,0,0,0,5.390556327901335
2010-07-13,Fresh Pond,Unknown,11,162.0673838906911,3.504545455,0,0,0,0,0,1,1,0,0,0,0,0,0,0,0.0,0.0,0.0,0.0,0.0,0,0,0,0,0,5.088012198691725
2010-05-04,Fresno,NC,1,194.92679937676456,4.504285714,1,0,0,0,0,2,0,0,0,0,0,0,0,0,4.504285714,0.0,0.0,0.0,0.0,2,0,0,0,0,5.272624100276641
2010-05-11,Fresno,NC,2,215.84163387083856,4.59,1,0,0,0,0,2,0,0,0,0,0,0,0,0,4.59,0.0,0.0,0.0,0.0,2,0,0,0,0,5.374544962254917
2010-05-18,Fresno,NC,3,336.9549326889829,4.39,1,0,0,0,0,2,0,0,0,0,0,0,0,0,4.39,0.0,0.0,0.0,0.0,2,0,0,0,0,5.819949190516363
2010-05-25,Fresno,NC,4,225.7629432614312,4.123333333,1,0,0,0,0,2,0,0,0,0,0,0,0,0,4.123333333,0.0,0.0,0.0,0.0,2,0,0,0,0,5.419485525144926
2010-06-01,Fresno,NC,5,234.17759928983324,4.04,1,0,0,0,0,2,0,0,0,0,0,0,0,0,4.04,0.0,0.0,0.0,0.0,2,0,0,0,0,5.456079798808688
2010-06-08,Fresno,NC,6,299.4686440384486,4.895555556,1,0,0,0,0,2,0,0,0,0,0,0,0,0,4.895555556,0.0,0.0,0.0,0.0,2,0,0,0,0,5.702009717712224
2010-06-15,Fresno,NC,7,153.63502527665696,4.88,1,0,0,0,0,2,0,0,0,0,0,0,0,0,4.88,0.0,0.0,0.0,0.0,2,0,0,0,0,5.03457982386378
2010-06-22,Fresno,NC,8,368.84702262724323,4.871818182,1,0,1,0,0,2,0,0,1,0,0,0,0,0,4.871818182,0.0,4.871818182,0.0,0.0,2,0,0,0,0,5.9103819852555555
2010-06-29,Fresno,NC,9,343.44502990318495,4.508181818,1,0,0,1,0,2,0,0,0,1,0,0,0,0,4.508181818,0.0,0.0,4.508181818,0.0,2,0,0,0,1,5.8390270694624045
2010-07-06,Fresno,NC,10,191.47028139527703,4.353636364,1,0,0,1,0,2,0,0,0,1,0,0,0,0,4.353636364,0.0,0.0,4.353636364,0.0,2,0,0,0,1,5.2547326080413015
2010-07-13,Fresno,NC,11,297.37493949274915,3.99,1,0,0,1,0,2,0,0,0,1,0,0,0,0,3.99,0.0,0.0,3.99,0.0,2,0,0,0,1,5.694993765151891
2010-05-04,Galleria,MW,1,314.5617653759892,4.167777778,1,0,0,0,0,1,4,0,0,0,0,0,0,0,4.167777778,0.0,0.0,0.0,0.0,1,4,0,0,0,5.751180449150547
2010-05-11,Galleria,MW,2,197.92662824564908,4.167777778,1,0,0,0,0,1,4,0,0,0,0,0,0,0,4.167777778,0.0,0.0,0.0,0.0,1,4,0,0,0,5.287896397602662
2010-05-18,Galleria,MW,3,204.79183871778372,3.543846154,1,0,0,0,0,1,4,0,0,0,0,0,0,0,3.543846154,0.0,0.0,0.0,0.0,1,4,0,0,0,5.321994042360498
2010-05-25,Galleria,MW,4,181.47405578131486,3.64,1,0,0,0,0,1,4,0,0,0,0,0,0,0,3.64,0.0,0.0,0.0,0.0,1,4,0,0,0,5.201112700133893
2010-06-01,Galleria,MW,5,287.2427631241498,3.543846154,1,0,0,0,0,1,4,0,0,0,0,0,0,0,3.543846154,0.0,0.0,0.0,0.0,1,4,0,0,0,5.660327722761891
2010-06-08,Galleria,MW,6,112.29142219534666,3.774615385,1,0,0,0,0,1,4,0,0,0,0,0,0,0,3.774615385,0.0,0.0,0.0,0.0,1,4,0,0,0,4.721097475882696
2010-06-15,Galleria,MW,7,232.4018778612258,3.818571429,1,0,0,0,0,1,4,0,0,0,0,0,0,0,3.818571429,0.0,0.0,0.0,0.0,1,4,0,0,0,5.448468105242984
2010-06-22,Galleria,MW,8,227.44031563501738,3.818571429,1,0,0,0,0,1,4,0,0,0,0,0,0,0,3.818571429,0.0,0.0,0.0,0.0,1,4,0,0,0,5.426887855114457
2010-06-29,Galleria,MW,9,279.66236109473374,3.818571429,1,0,0,0,0,1,4,0,0,0,0,0,0,0,3.818571429,0.0,0.0,0.0,0.0,1,4,0,0,0,5.633583022310147
2010-07-06,Galleria,MW,10,253.47303799015725,3.373571429,1,0,0,0,0,1,4,0,0,0,0,0,0,0,3.373571429,0.0,0.0,0.0,0.0,1,4,0,0,0,5.535257458361531
2010-07-13,Galleria,MW,11,231.8325685750028,3.373571429,1,0,0,0,0,1,4,0,0,0,0,0,0,0,3.373571429,0.0,0.0,0.0,0.0,1,4,0,0,0,5.4460154239480465
2010-05-04,Georgetown,MA,1,171.5658656938819,3.618571429,0,0,0,0,0,2,0,0,0,0,0,0,0,0,0.0,0.0,0.0,0.0,0.0,0,0,0,0,0,5.144967249399258
2010-05-11,Georgetown,MA,2,227.6560623892372,3.618571429,0,0,0,0,0,2,0,0,0,0,0,0,0,0,0.0,0.0,0.0,0.0,0.0,0,0,0,0,0,5.427835991732546
2010-05-18,Georgetown,MA,3,186.24847246700912,3.34,0,0,0,0,0,2,0,0,0,0,0,0,0,0,0.0,0.0,0.0,0.0,0.0,0,0,0,0,0,5.227081655706622
2010-05-25,Georgetown,MA,4,235.94996755382465,3.356666667,0,0,0,0,0,2,0,0,0,0,0,0,0,0,0.0,0.0,0.0,0.0,0.0,0,0,0,0,0,5.463619780659459
2010-06-01,Georgetown,MA,5,193.89605758067142,3.34,0,0,0,0,0,2,0,0,0,0,0,0,0,0,0.0,0.0,0.0,0.0,0.0,0,0,0,0,0,5.267322229812256
2010-06-08,Georgetown,MA,6,293.98212083794215,3.54,0,0,1,0,0,2,0,0,0,0,0,0,0,0,0.0,0.0,3.54,0.0,0.0,0,0,0,0,0,5.68351895201308
2010-06-15,Georgetown,MA,7,288.0968741234337,3.54,0,0,0,1,0,2,0,0,0,0,0,0,0,0,0.0,0.0,0.0,3.54,0.0,0,0,0,0,1,5.663296792060895
2010-06-22,Georgetown,MA,8,220.34523058554214,3.523333333,0,0,0,1,0,2,0,0,0,0,0,0,0,0,0.0,0.0,0.0,3.523333333,0.0,0,0,0,0,1,5.3951955463319035
2010-06-29,Georgetown,MA,9,309.77610469016383,3.634444444,0,0,0,1,0,2,0,0,0,0,0,0,0,0,0.0,0.0,0.0,3.634444444,0.0,0,0,0,0,1,5.735849793601157
2010-07-06,Georgetown,MA,10,252.82365819017272,3.126,0,0,0,0,1,2,0,0,0,0,0,0,0,0,0.0,0.0,0.0,0.0,3.126,0,0,0,0,1,5.53269224250696
2010-07-13,Georgetown,MA,11,274.3320820999413,3.19625,0,0,0,0,1,2,0,0,0,0,0,0,0,0,0.0,0.0,0.0,0.0,3.19625,0,0,0,0,1,5.61433935100199
2010-05-04,Glendale,SP,1,280.8036126134734,5.066923077,1,0,0,0,1,2,5,0,0,0,1,0,0,0,5.066923077,0.0,0.0,0.0,5.066923077,2,5,0,0,1,5.6376555375014945
2010-05-11,Glendale,SP,2,335.6413555643609,4.62125,1,0,0,0,1,2,5,0,0,0,1,0,0,0,4.62125,0.0,0.0,0.0,4.62125,2,5,0,0,1,5.81604319573868
2010-05-18,Glendale,SP,3,253.82110881562048,4.130666667,1,0,0,0,0,2,5,0,0,0,0,0,0,0,4.130666667,0.0,0.0,0.0,0.0,2,5,0,0,0,5.536629722884101
2010-05-25,Glendale,SP,4,295.8069825745532,4.1,1,0,0,0,0,2,5,0,0,0,0,0,0,0,4.1,0.0,0.0,0.0,0.0,2,5,0,0,0,5.6897071557268015
2010-06-01,Glendale,SP,5,252.15975753782652,4.142857143,1,0,0,0,0,2,5,0,0,0,0,0,0,0,4.142857143,0.0,0.0,0.0,0.0,2,5,0,0,0,5.5300628451280724
2010-06-08,Glendale,SP,6,184.08665705239991,4.314666667,1,0,0,0,0,2,5,0,0,0,0,0,0,0,4.314666667,0.0,0.0,0.0,0.0,2,5,0,0,0,5.215406608982382
2010-06-15,Glendale,SP,7,328.610829300981,4.396666667,1,0,0,0,0,2,5,0,0,0,0,0,0,0,4.396666667,0.0,0.0,0.0,0.0,2,5,0,0,0,5.794874160936522
2010-06-22,Glendale,SP,8,360.3764686540369,4.62125,1,0,1,0,0,2,5,0,1,0,0,0,0,0,4.62125,0.0,4.62125,0.0,0.0,2,5,0,5,0,5.887149231299653
2010-06-29,Glendale,SP,9,290.5881823551544,4.897142857,1,0,0,1,0,2,5,0,0,1,0,0,0,0,4.897142857,0.0,0.0,4.897142857,0.0,2,5,0,0,1,5.671907083947117
2010-07-06,Glendale,SP,10,317.5072090816209,4.2725,1,0,0,1,0,2,5,0,0,1,0,0,0,0,4.2725,0.0,0.0,4.2725,0.0,2,5,0,0,1,5.760500523843859
2010-07-13,Glendale,SP,11,304.3520977945952,4.202666667,1,0,0,1,0,2,5,0,0,1,0,0,0,0,4.202666667,0.0,0.0,4.202666667,0.0,2,5,0,0,1,5.718185247620615
2010-05-04,Gold Coast,MW,1,207.12206848297458,4.612222222,1,0,0,0,0,1,5,0,0,0,0,0,0,0,4.612222222,0.0,0.0,0.0,0.0,1,5,0,0,0,5.3333083222752915
2010-05-11,Gold Coast,MW,2,191.00311729794035,4.612222222,1,0,0,0,0,1,5,0,0,0,0,0,0,0,4.612222222,0.0,0.0,0.0,0.0,1,5,0,0,0,5.25228974884507
2010-05-18,Gold Coast,MW,3,209.20275261003715,4.0,1,0,0,0,0,1,5,0,0,0,0,0,0,0,4.0,0.0,0.0,0.0,0.0,1,5,0,0,0,5.343303889895969
2010-05-25,Gold Coast,MW,4,334.17134472151827,3.834444444,1,0,0,0,0,1,5,0,0,0,0,0,0,0,3.834444444,0.0,0.0,0.0,0.0,1,5,0,0,0,5.811653869581265
2010-06-01,Gold Coast,MW,5,269.53593854130224,3.73,1,0,0,0,0,1,5,0,0,0,0,0,0,0,3.73,0.0,0.0,0.0,0.0,1,5,0,0,0,5.5967017341162695
2010-06-08,Gold Coast,MW,6,345.82663493446455,4.096666667,1,0,0,0,0,1,5,0,0,0,0,0,0,0,4.096666667,0.0,0.0,0.0,0.0,1,5,0,0,0,5.845937594384966
2010-06-15,Gold Coast,MW,7,232.05936022484366,4.075714286,1,0,0,0,0,1,5,0,0,0,0,0,0,0,4.075714286,0.0,0.0,0.0,0.0,1,5,0,0,0,5.446993201977064
2010-06-22,Gold Coast,MW,8,196.2441325874687,4.096666667,1,0,0,0,0,1,5,0,0,0,0,0,0,0,4.096666667,0.0,0.0,0.0,0.0,1,5,0,0,0,5.279359458572102
2010-06-29,Gold Coast,MW,9,269.9641055601181,4.075714286,1,0,0,0,0,1,5,0,0,0,0,0,0,0,4.075714286,0.0,0.0,0.0,0.0,1,5,0,0,0,5.598289007790822
2010-07-06,Gold Coast,MW,10,256.6148903281416,3.5375,1,0,0,0,0,1,5,0,0,0,0,0,0,0,3.5375,0.0,0.0,0.0,0.0,1,5,0,0,0,5.547576479835941
2010-07-13,Gold Coast,MW,11,244.19387147273284,3.496363636,1,0,0,0,0,1,5,0,0,0,0,0,0,0,3.496363636,0.0,0.0,0.0,0.0,1,5,0,0,0,5.49796246501743
2010-05-04,Green Hills,SO,1,184.18119364025176,4.07,0,0,0,0,0,0,5,0,0,0,0,0,0,0,0.0,0.0,0.0,0.0,0.0,0,0,0,0,0,5.2159200211075545
2010-05-11,Green Hills,SO,2,152.8483825610129,3.944545455,0,0,0,0,0,0,5,0,0,0,0,0,0,0,0.0,0.0,0.0,0.0,0.0,0,0,0,0,0,5.029446466409824
2010-05-18,Green Hills,SO,3,180.34365538504758,3.848333333,0,0,0,0,0,0,5,0,0,0,0,0,0,0,0.0,0.0,0.0,0.0,0.0,0,0,0,0,0,5.194864227274388
2010-05-25,Green Hills,SO,4,177.0758395387274,3.848333333,0,0,0,0,0,0,5,0,0,0,0,0,0,0,0.0,0.0,0.0,0.0,0.0,0,0,0,0,0,5.176578112776138
2010-06-01,Green Hills,SO,5,181.7423765871917,3.953636364,0,0,0,0,0,0,5,0,0,0,0,0,0,0,0.0,0.0,0.0,0.0,0.0,0,0,0,0,0,5.2025901710343
2010-06-08,Green Hills,SO,6,138.4189294825955,3.948333333,0,0,0,0,0,0,5,0,0,0,0,0,0,0,0.0,0.0,0.0,0.0,0.0,0,0,0,0,0,4.930284807549072
2010-06-15,Green Hills,SO,7,215.0055915077881,3.948333333,0,0,0,0,0,0,5,0,0,0,0,0,0,0,0.0,0.0,0.0,0.0,0.0,0,0,0,0,0,5.370664034802454
2010-06-22,Green Hills,SO,8,253.08721897587492,4.0175,0,0,0,0,0,0,5,0,0,0,0,0,0,0,0.0,0.0,0.0,0.0,0.0,0,0,0,0,0,5.533734168353751
2010-06-29,Green Hills,SO,9,178.85856785901925,3.780909091,0,0,0,0,0,0,5,0,0,0,0,0,0,0,0.0,0.0,0.0,0.0,0.0,0,0,0,0,0,5.186595369835879
2010-07-06,Green Hills,SO,10,174.98816320129288,3.828333333,0,0,0,0,0,0,5,0,0,0,0,0,0,0,0.0,0.0,0.0,0.0,0.0,0,0,0,0,0,5.164718332786149
2010-07-13,Green Hills,SO,11,168.45891263421098,3.540909091,0,0,0,0,0,0,5,0,0,0,0,0,0,0,0.0,0.0,0.0,0.0,0.0,0,0,0,0,0,5.126691878124673
2010-05-04,Hadley,Unknown,1,104.75566895229886,4.647142857,0,0,0,0,0,0,3,0,0,0,0,0,0,0,0.0,0.0,0.0,0.0,0.0,0,0,0,0,0,4.651630676214235
2010-05-11,Hadley,Unknown,2,202.08355387166517,4.6275,0,0,0,0,0,0,3,0,0,0,0,0,0,0,0.0,0.0,0.0,0.0,0.0,0,0,0,0,0,5.308681244906691
2010-05-18,Hadley,Unknown,3,142.12176328122632,4.004285714,0,0,0,0,0,0,3,0,0,0,0,0,0,0,0.0,0.0,0.0,0.0,0.0,0,0,0,0,0,4.956684178064506
2010-05-25,Hadley,Unknown,4,223.05379129666932,3.861428571,0,0,0,0,0,0,3,0,0,0,0,0,0,0,0.0,0.0,0.0,0.0,0.0,0,0,0,0,0,5.40741295894907
2010-06-01,Hadley,Unknown,5,256.4298728811189,3.861428571,0,0,0,0,0,0,3,0,0,0,0,0,0,0,0.0,0.0,0.0,0.0,0.0,0,0,0,0,0,5.5468552271566
2010-06-08,Hadley,Unknown,6,168.20190919767094,4.6275,0,0,0,0,0,0,3,0,0,0,0,0,0,0,0.0,0.0,0.0,0.0,0.0,0,0,0,0,0,5.125165098233471
2010-06-15,Hadley,Unknown,7,100.66541908958234,4.84,0,0,0,0,0,0,3,0,0,0,0,0,0,0,0.0,0.0,0.0,0.0,0.0,0,0,0,0,0,4.61180233548012
2010-06-22,Hadley,Unknown,8,230.24750612403815,4.6275,0,0,0,0,0,0,3,0,0,0,0,0,0,0,0.0,0.0,0.0,0.0,0.0,0,0,0,0,0,5.439154843910801
2010-06-29,Hadley,Unknown,9,122.3845322201388,4.6275,0,0,0,0,0,0,3,0,0,0,0,0,0,0,0.0,0.0,0.0,0.0,0.0,0,0,0,0,0,4.807167991342269
2010-07-06,Hadley,Unknown,10,175.45722745968988,4.25625,0,0,0,0,0,0,3,0,0,0,0,0,0,0,0.0,0.0,0.0,0.0,0.0,0,0,0,0,0,5.167395295023414
2010-07-13,Hadley,Unknown,11,105.88089403542455,3.95,0,0,0,0,0,0,3,0,0,0,0,0,0,0,0.0,0.0,0.0,0.0,0.0,0,0,0,0,0,4.662314821178791
2010-05-04,Henderson,SP,1,401.5022285483671,4.659230769,1,0,0,0,1,0,4,0,0,0,1,0,0,0,4.659230769,0.0,0.0,0.0,4.659230769,0,4,0,0,1,5.9952130839277435
2010-05-11,Henderson,SP,2,375.9150649820882,4.482307692,1,0,0,0,1,0,4,0,0,0,1,0,0,0,4.482307692,0.0,0.0,0.0,4.482307692,0,4,0,0,1,5.929363226867594
2010-05-18,Henderson,SP,3,237.30247036973608,4.117333333,1,0,0,0,0,0,4,0,0,0,0,0,0,0,4.117333333,0.0,0.0,0.0,0.0,0,4,0,0,0,5.469335573710903
2010-05-25,Henderson,SP,4,189.9912164270911,4.1,1,0,0,0,0,0,4,0,0,0,0,0,0,0,4.1,0.0,0.0,0.0,0.0,0,4,0,0,0,5.246977841760779
2010-06-01,Henderson,SP,5,218.77391014088403,4.14,1,0,0,0,0,0,4,0,0,0,0,0,0,0,4.14,0.0,0.0,0.0,0.0,0,4,0,0,0,5.388038822765716
2010-06-08,Henderson,SP,6,255.9537755969708,4.200714286,1,0,0,0,0,0,4,0,0,0,0,0,0,0,4.200714286,0.0,0.0,0.0,0.0,0,4,0,0,0,5.5449968641015746
2010-06-15,Henderson,SP,7,188.09675721095104,4.316923077,1,0,0,0,0,0,4,0,0,0,0,0,0,0,4.316923077,0.0,0.0,0.0,0.0,0,4,0,0,0,5.236956496450516
2010-06-22,Henderson,SP,8,290.11917731755847,4.142857143,1,0,0,0,0,0,4,0,0,0,0,0,0,0,4.142857143,0.0,0.0,0.0,0.0,0,4,0,0,0,5.670291794828564
2010-06-29,Henderson,SP,9,357.7213084640477,4.069166667,1,0,1,0,0,0,4,0,1,0,0,0,0,0,4.069166667,0.0,4.069166667,0.0,0.0,0,4,0,4,0,5.879754215259639
2010-07-06,Henderson,SP,10,367.7879610326682,3.984615385,1,0,0,1,0,0,4,0,0,1,0,0,0,0,3.984615385,0.0,0.0,3.984615385,0.0,0,4,0,0,1,5.90750657926003
2010-07-13,Henderson,SP,11,388.24669662788426,4.2525,1,0,0,1,0,0,4,0,0,1,0,0,0,0,4.2525,0.0,0.0,4.2525,0.0,0,4,0,0,1,5.961640953629134
2010-05-04,Highlands Ranch,RM,1,286.138291909528,4.062727273,1,0,0,0,0,0,3,0,0,0,0,0,0,0,4.062727273,0.0,0.0,0.0,0.0,0,3,0,0,0,5.656475232098158
2010-05-11,Highlands Ranch,RM,2,100.09976082913568,4.723333333,1,0,0,0,0,0,3,0,0,0,0,0,0,0,4.723333333,0.0,0.0,0.0,0.0,0,3,0,0,0,4.606167296998996
2010-05-18,Highlands Ranch,RM,3,202.21177781488618,4.094545455,1,0,0,0,0,0,3,0,0,0,0,0,0,0,4.094545455,0.0,0.0,0.0,0.0,0,3,0,0,0,5.309315553232664
2010-05-25,Highlands Ranch,RM,4,277.05184352904394,4.058181818,1,0,1,0,0,0,3,0,1,0,0,0,0,0,4.058181818,0.0,4.058181818,0.0,0.0,0,3,0,3,0,5.624204649429621
2010-06-01,Highlands Ranch,RM,5,432.8902525837712,3.84,1,0,1,1,0,0,3,0,1,1,0,0,0,0,3.84,0.0,3.84,3.84,0.0,0,3,0,3,1,6.070484237640429
2010-06-08,Highlands Ranch,RM,6,427.7926261350546,5.166923077,1,0,1,1,0,0,3,0,1,1,0,0,0,0,5.166923077,0.0,5.166923077,5.166923077,0.0,0,3,0,3,1,6.0586385597887995
2010-06-15,Highlands Ranch,RM,7,241.04674393023117,4.05,1,0,0,1,0,0,3,0,0,1,0,0,0,0,4.05,0.0,0.0,4.05,0.0,0,3,0,0,1,5.484990872899918
2010-06-22,Highlands Ranch,RM,8,556.55004166699,3.851538462,1,0,1,1,1,0,3,0,1,1,1,0,0,0,3.851538462,0.0,3.851538462,3.851538462,3.851538462,0,3,0,3,2,6.321757088805803
2010-06-29,Highlands Ranch,RM,9,309.9996662910991,3.851538462,1,0,0,1,1,0,3,0,0,1,1,0,0,0,3.851538462,0.0,0.0,3.851538462,3.851538462,0,3,0,0,2,5.736571220998287
2010-07-06,Highlands Ranch,RM,10,409.7356779298003,4.444285714,1,0,0,1,1,0,3,0,0,1,1,0,0,0,4.444285714,0.0,0.0,4.444285714,4.444285714,0,3,0,0,2,6.015512263821605
2010-07-13,Highlands Ranch,RM,11,347.35825789398893,4.314666667,1,0,0,1,1,0,3,0,0,1,1,0,0,0,4.314666667,0.0,0.0,4.314666667,4.314666667,0,3,0,0,2,5.850356690842155
2010-05-04,Hingham,Unknown,1,169.3304378364566,4.6275,0,0,0,0,0,1,0,0,0,0,0,0,0,0,0.0,0.0,0.0,0.0,0.0,0,0,0,0,0,5.131852059373172
2010-05-11,Hingham,Unknown,2,120.30284877830469,4.204285714,0,0,0,0,0,1,0,0,0,0,0,0,0,0,0.0,0.0,0.0,0.0,0.0,0,0,0,0,0,4.790012303317914
2010-05-18,Hingham,Unknown,3,152.0728564659274,4.065,0,0,0,0,0,1,0,0,0,0,0,0,0,0,0.0,0.0,0.0,0.0,0.0,0,0,0,0,0,5.024359724864474
2010-05-25,Hingham,Unknown,4,184.57943925835747,4.461428571,0,0,0,0,0,1,0,0,0,0,0,0,0,0,0.0,0.0,0.0,0.0,0.0,0,0,0,0,0,5.218079935899982
2010-06-01,Hingham,Unknown,5,154.56686913137736,3.861428571,0,0,0,0,0,1,0,0,0,0,0,0,0,0,0.0,0.0,0.0,0.0,0.0,0,0,0,0,0,5.040626812614434
2010-06-08,Hingham,Unknown,6,70.22582508351628,4.6275,0,0,0,0,0,1,0,0,0,0,0,0,0,0,0.0,0.0,0.0,0.0,0.0,0,0,0,0,0,4.251716122063562
2010-06-15,Hingham,Unknown,7,149.16970282792113,4.6275,0,0,0,0,0,1,0,0,0,0,0,0,0,0,0.0,0.0,0.0,0.0,0.0,0,0,0,0,0,5.0050846029933185
2010-06-22,Hingham,Unknown,8,224.32409899399792,4.204285714,0,0,0,0,0,1,0,0,0,0,0,0,0,0,0.0,0.0,0.0,0.0,0.0,0,0,0,0,0,5.413091876655373
2010-06-29,Hingham,Unknown,9,215.388546873508,4.6275,0,0,0,0,0,1,0,0,0,0,0,0,0,0,0.0,0.0,0.0,0.0,0.0,0,0,0,0,0,5.372443591876456
2010-07-06,Hingham,Unknown,10,169.5065454405071,3.745,0,0,0,0,0,1,0,0,0,0,0,0,0,0,0.0,0.0,0.0,0.0,0.0,0,0,0,0,0,5.132891542243104
2010-07-13,Hingham,Unknown,11,210.36218225815725,3.504545455,0,0,0,0,0,1,0,0,0,0,0,0,0,0,0.0,0.0,0.0,0.0,0.0,0,0,0,0,0,5.348830722588979
2010-05-04,Jamboree,SP,1,256.55228873034366,4.899090909,1,0,0,0,1,1,2,0,0,0,1,0,0,0,4.899090909,0.0,0.0,0.0,4.899090909,1,2,0,0,1,5.547332498534474
2010-05-11,Jamboree,SP,2,325.7187626830116,4.396666667,1,0,0,0,1,1,2,0,0,0,1,0,0,0,4.396666667,0.0,0.0,0.0,4.396666667,1,2,0,0,1,5.786034317878132
2010-05-18,Jamboree,SP,3,247.13780667527405,4.147333333,1,0,0,0,0,1,2,0,0,0,0,0,0,0,4.147333333,0.0,0.0,0.0,0.0,1,2,0,0,0,5.509946102809739
2010-05-25,Jamboree,SP,4,256.537100470522,4.1,1,0,0,0,0,1,2,0,0,0,0,0,0,0,4.1,0.0,0.0,0.0,0.0,1,2,0,0,0,5.547273295361905
2010-06-01,Jamboree,SP,5,254.0363967161522,4.1,1,0,0,0,0,1,2,0,0,0,0,0,0,0,4.1,0.0,0.0,0.0,0.0,1,2,0,0,0,5.537477550910989
2010-06-08,Jamboree,SP,6,335.14033731496346,4.455,1,0,0,0,0,1,2,0,0,0,0,0,0,0,4.455,0.0,0.0,0.0,0.0,1,2,0,0,0,5.814549361461788
2010-06-15,Jamboree,SP,7,254.095010311714,4.396666667,1,0,0,0,0,1,2,0,0,0,0,0,0,0,4.396666667,0.0,0.0,0.0,0.0,1,2,0,0,0,5.537708253422234
2010-06-22,Jamboree,SP,8,327.02307294875254,4.345333333,1,0,1,0,0,1,2,0,1,0,0,0,0,0,4.345333333,0.0,4.345333333,0.0,0.0,1,2,0,2,0,5.790030727884358
2010-06-29,Jamboree,SP,9,301.2546960877958,4.396666667,1,0,0,1,0,1,2,0,0,1,0,0,0,0,4.396666667,0.0,0.0,4.396666667,0.0,1,2,0,0,1,5.707956073356544
2010-07-06,Jamboree,SP,10,333.54676087386974,4.286875,1,0,0,1,0,1,2,0,0,1,0,0,0,0,4.286875,0.0,0.0,4.286875,0.0,1,2,0,0,1,5.809783068042174
2010-07-13,Jamboree,SP,11,309.27317641092475,4.248125,1,0,0,1,0,1,2,0,0,1,0,0,0,0,4.248125,0.0,0.0,4.248125,0.0,1,2,0,0,1,5.734224952396292
2010-05-04,Jenkintown,MA,1,221.17930909318608,3.904285714,0,0,0,0,0,1,4,0,0,0,0,0,0,0,0.0,0.0,0.0,0.0,0.0,0,0,0,0,0,5.398973725911374
2010-05-11,Jenkintown,MA,2,213.02564125954996,3.904285714,0,0,0,0,0,1,4,0,0,0,0,0,0,0,0.0,0.0,0.0,0.0,0.0,0,0,0,0,0,5.361412539964388
2010-05-18,Jenkintown,MA,3,239.81656983705022,3.618571429,0,0,0,0,0,1,4,0,0,0,0,0,0,0,0.0,0.0,0.0,0.0,0.0,0,0,0,0,0,5.479874338776068
2010-05-25,Jenkintown,MA,4,230.57759880104533,3.618571429,0,0,0,0,0,1,4,0,0,0,0,0,0,0,0.0,0.0,0.0,0.0,0.0,0,0,0,0,0,5.440587460015852
2010-06-01,Jenkintown,MA,5,192.07886176182706,3.618571429,0,0,0,0,0,1,4,0,0,0,0,0,0,0,0.0,0.0,0.0,0.0,0.0,0,0,0,0,0,5.257906026040729
2010-06-08,Jenkintown,MA,6,241.41485464344296,3.904285714,0,0,0,0,0,1,4,0,0,0,0,0,0,0,0.0,0.0,0.0,0.0,0.0,0,0,0,0,0,5.4865168421614365
2010-06-15,Jenkintown,MA,7,129.9238950192006,3.904285714,0,0,0,0,0,1,4,0,0,0,0,0,0,0,0.0,0.0,0.0,0.0,0.0,0,0,0,0,0,4.866948856099445
2010-06-22,Jenkintown,MA,8,186.57298414603477,3.54,0,0,0,0,0,1,4,0,0,0,0,0,0,0,0.0,0.0,0.0,0.0,0.0,0,0,0,0,0,5.228822498435618
2010-06-29,Jenkintown,MA,9,349.8180216774687,3.54,0,0,1,0,0,1,4,0,0,0,0,0,0,0,0.0,0.0,3.54,0.0,0.0,0,0,0,4,0,5.857413081204418
2010-07-06,Jenkintown,MA,10,285.29345392369754,3.126,0,0,0,1,0,1,4,0,0,0,0,0,0,0,0.0,0.0,0.0,3.126,0.0,0,0,0,0,1,5.653518313419588
2010-07-13,Jenkintown,MA,11,272.73447246197435,3.251111111,0,0,0,1,0,1,4,0,0,0,0,0,0,0,0.0,0.0,0.0,3.251111111,0.0,0,0,0,0,1,5.6084986935306675
2010-05-04,Jericho,NE,1,89.82333754792583,4.856666667,0,0,0,0,0,1,1,0,0,0,0,0,0,0,0.0,0.0,0.0,0.0,0.0,0,0,0,0,0,4.497844825151451
2010-05-11,Jericho,NE,2,171.57186238849636,4.856666667,0,0,0,0,0,1,1,0,0,0,0,0,0,0,0.0,0.0,0.0,0.0,0.0,0,0,0,0,0,5.145002201513958
2010-05-18,Jericho,NE,3,197.55094390304976,4.35,0,0,0,0,0,1,1,0,0,0,0,0,0,0,0.0,0.0,0.0,0.0,0.0,0,0,0,0,0,5.285996494892301
2010-05-25,Jericho,NE,4,268.89447791817884,4.35,1,0,0,0,0,1,1,0,0,0,0,0,0,0,4.35,0.0,0.0,0.0,0.0,1,1,0,0,0,5.594319027244614
2010-06-01,Jericho,NE,5,173.2082566698104,4.145,1,0,0,0,0,1,1,0,0,0,0,0,0,0,4.145,0.0,0.0,0.0,0.0,1,1,0,0,0,5.154494666295849
2010-06-08,Jericho,NE,6,299.9339069101668,4.64,1,0,0,0,0,1,1,0,0,0,0,0,0,0,4.64,0.0,0.0,0.0,0.0,1,1,0,0,0,5.703562140084878
2010-06-15,Jericho,NE,7,244.48261981110159,4.19,1,0,0,0,0,1,1,0,0,0,0,0,0,0,4.19,0.0,0.0,0.0,0.0,1,1,0,0,0,5.499144221771124
2010-06-22,Jericho,NE,8,440.97002195203333,4.19,1,0,1,0,0,1,1,0,1,0,0,0,0,0,4.19,0.0,4.19,0.0,0.0,1,1,0,1,0,6.088976895703245
2010-06-29,Jericho,NE,9,269.934801592333,3.94,1,0,0,1,0,1,1,0,0,1,0,0,0,0,3.94,0.0,0.0,3.94,0.0,1,1,0,0,1,5.5981804542545
2010-07-06,Jericho,NE,10,334.9632177871634,4.179,1,0,0,1,0,1,1,0,0,1,0,0,0,0,4.179,0.0,0.0,4.179,0.0,1,1,0,0,1,5.8140207281466045
2010-07-13,Jericho,NE,11,357.7484603303962,4.179,1,0,0,1,0,1,1,0,0,1,0,0,0,0,4.179,0.0,0.0,4.179,0.0,1,1,0,0,1,5.879830114668798
2010-05-04,Kentlands,MA,1,133.16738407448622,3.904285714,0,0,0,0,0,3,0,0,0,0,0,0,0,0,0.0,0.0,0.0,0.0,0.0,0,0,0,0,0,4.891606863816471
2010-05-11,Kentlands,MA,2,228.09061092687614,3.54,0,0,0,0,0,3,0,0,0,0,0,0,0,0,0.0,0.0,0.0,0.0,0.0,0,0,0,0,0,5.429742966351429
2010-05-18,Kentlands,MA,3,169.67140976610085,3.34,0,0,0,0,0,3,0,0,0,0,0,0,0,0,0.0,0.0,0.0,0.0,0.0,0,0,0,0,0,5.133863682891084
2010-05-25,Kentlands,MA,4,182.00033620025252,3.5025,0,0,0,0,0,3,0,0,0,0,0,0,0,0,0.0,0.0,0.0,0.0,0.0,0,0,0,0,0,5.2040085343292235
2010-06-01,Kentlands,MA,5,249.7555239617542,3.34,0,0,0,0,0,3,0,0,0,0,0,0,0,0,0.0,0.0,0.0,0.0,0.0,0,0,0,0,0,5.520482535249046
2010-06-08,Kentlands,MA,6,200.27799422552687,3.54,0,0,0,0,0,3,0,0,0,0,0,0,0,0,0.0,0.0,0.0,0.0,0.0,0,0,0,0,0,5.2997063725600215
2010-06-15,Kentlands,MA,7,203.47503719571358,3.54,0,0,1,0,0,3,0,0,0,0,0,0,0,0,0.0,0.0,3.54,0.0,0.0,0,0,0,0,0,5.315543330015465
2010-06-22,Kentlands,MA,8,344.80229826183563,3.54,0,0,0,1,0,3,0,0,0,0,0,0,0,0,0.0,0.0,0.0,3.54,0.0,0,0,0,0,1,5.842971204259887
2010-06-29,Kentlands,MA,9,266.01853365352514,3.634444444,0,0,0,1,0,3,0,0,0,0,0,0,0,0,0.0,0.0,0.0,3.634444444,0.0,0,0,0,0,1,5.583565981743674
2010-07-06,Kentlands,MA,10,299.90550581873674,3.126,0,0,0,1,0,3,0,0,0,0,0,0,0,0,0.0,0.0,0.0,3.126,0.0,0,0,0,0,1,5.703467444435181
2010-07-13,Kentlands,MA,11,332.74298398661625,3.063333333,0,0,0,0,1,3,0,0,0,0,0,0,0,0,0.0,0.0,0.0,0.0,3.063333333,0,0,0,0,1,5.8073703721141365
2010-05-04,Lake Calhoun (aka Minneapolis),MW,1,173.6115468623701,4.55,1,0,0,0,0,1,2,0,0,0,0,0,0,0,4.55,0.0,0.0,0.0,0.0,1,2,0,0,0,5.1568203141984394
2010-05-11,Lake Calhoun (aka Minneapolis),MW,2,279.76893659504094,4.023333333,1,0,0,0,0,1,2,0,0,0,0,0,0,0,4.023333333,0.0,0.0,0.0,0.0,1,2,0,0,0,5.633964036036182
2010-05-18,Lake Calhoun (aka Minneapolis),MW,3,237.1546487305725,3.73,1,0,0,0,0,1,2,0,0,0,0,0,0,0,3.73,0.0,0.0,0.0,0.0,1,2,0,0,0,5.468712454621755
2010-05-25,Lake Calhoun (aka Minneapolis),MW,4,253.02384445586918,3.73,1,0,0,0,0,1,2,0,0,0,0,0,0,0,3.73,0.0,0.0,0.0,0.0,1,2,0,0,0,5.533483731147707
2010-06-01,Lake Calhoun (aka Minneapolis),MW,5,208.05758340610038,3.898333333,1,0,0,0,0,1,2,0,0,0,0,0,0,0,3.898333333,0.0,0.0,0.0,0.0,1,2,0,0,0,5.337814884685843
2010-06-08,Lake Calhoun (aka Minneapolis),MW,6,275.39538339130746,4.096666667,1,0,0,0,0,1,2,0,0,0,0,0,0,0,4.096666667,0.0,0.0,0.0,0.0,1,2,0,0,0,5.618207822869036
2010-06-15,Lake Calhoun (aka Minneapolis),MW,7,272.44503641553496,4.618571429,1,0,0,0,0,1,2,0,0,0,0,0,0,0,4.618571429,0.0,0.0,0.0,0.0,1,2,0,0,0,5.607436892531476
2010-06-22,Lake Calhoun (aka Minneapolis),MW,8,257.0564761717284,4.096666667,1,0,0,0,0,1,2,0,0,0,0,0,0,0,4.096666667,0.0,0.0,0.0,0.0,1,2,0,0,0,5.549295812394331
2010-06-29,Lake Calhoun (aka Minneapolis),MW,9,347.2346326946251,4.34,1,0,1,0,0,1,2,0,1,0,0,0,0,0,4.34,0.0,4.34,0.0,0.0,1,2,0,2,0,5.8500007263560665
2010-07-06,Lake Calhoun (aka Minneapolis),MW,10,288.62490884351325,3.681333333,1,0,0,1,0,1,2,0,0,1,0,0,0,0,3.681333333,0.0,0.0,3.681333333,0.0,1,2,0,0,1,5.6651279518444255
2010-07-13,Lake Calhoun (aka Minneapolis),MW,11,330.85900805436296,3.630714286,1,0,0,1,0,1,2,0,0,1,0,0,0,0,3.630714286,0.0,0.0,3.630714286,0.0,1,2,0,0,1,5.801692327091691
2010-05-04,Lakeview,MW,1,66.38665321398545,4.612222222,1,0,0,0,0,2,3,0,0,0,0,0,0,0,4.612222222,0.0,0.0,0.0,0.0,2,3,0,0,0,4.19549603046454
2010-05-11,Lakeview,MW,2,267.69017284570737,4.612222222,1,0,0,0,0,2,3,0,0,0,0,0,0,0,4.612222222,0.0,0.0,0.0,0.0,2,3,0,0,0,5.589830240273515
2010-05-18,Lakeview,MW,3,191.3681899528178,4.0,1,0,0,0,0,2,3,0,0,0,0,0,0,0,4.0,0.0,0.0,0.0,0.0,2,3,0,0,0,5.254199268512911
2010-05-25,Lakeview,MW,4,285.8588515684652,3.956666667,1,0,0,0,0,2,3,0,0,0,0,0,0,0,3.956666667,0.0,0.0,0.0,0.0,2,3,0,0,0,5.6554981630114325
2010-06-01,Lakeview,MW,5,275.69384398755915,3.671818182,1,0,0,0,0,2,3,0,0,0,0,0,0,0,3.671818182,0.0,0.0,0.0,0.0,2,3,0,0,0,5.619290989117275
2010-06-08,Lakeview,MW,6,226.2260833963506,4.075714286,1,0,0,0,0,2,3,0,0,0,0,0,0,0,4.075714286,0.0,0.0,0.0,0.0,2,3,0,0,0,5.42153486824706
2010-06-15,Lakeview,MW,7,413.4779612272457,3.774615385,1,0,1,0,0,2,3,0,1,0,0,0,0,0,3.774615385,0.0,3.774615385,0.0,0.0,2,3,0,3,0,6.024604214923026
2010-06-22,Lakeview,MW,8,326.3314759403343,4.075714286,1,0,0,1,0,2,3,0,0,1,0,0,0,0,4.075714286,0.0,0.0,4.075714286,0.0,2,3,0,0,1,5.787913662141405
2010-06-29,Lakeview,MW,9,460.86903184591085,4.475714286,1,0,1,1,0,2,3,0,1,1,0,0,0,0,4.475714286,0.0,4.475714286,4.475714286,0.0,2,3,0,3,1,6.133113906854863
2010-07-06,Lakeview,MW,10,352.87791379987294,3.681333333,1,0,0,1,0,2,3,0,0,1,0,0,0,0,3.681333333,0.0,0.0,3.681333333,0.0,2,3,0,0,1,5.866122143854115
2010-07-13,Lakeview,MW,11,412.95908735449,3.478333333,1,0,0,1,1,2,3,0,0,1,1,0,0,0,3.478333333,0.0,0.0,3.478333333,3.478333333,2,3,0,0,2,6.023348525958394
2010-05-04,Lamar,SW,1,273.4938270059739,4.39,0,0,0,0,0,0,5,0,0,0,0,0,0,0,0.0,0.0,0.0,0.0,0.0,0,0,0,0,0,5.611279051245251
2010-05-11,Lamar,SW,2,92.08858070518288,4.39,0,0,0,0,0,0,5,0,0,0,0,0,0,0,0.0,0.0,0.0,0.0,0.0,0,0,0,0,0,4.522750947573928
2010-05-18,Lamar,SW,3,213.7508877518427,3.84,0,0,0,0,0,0,5,0,0,0,0,0,0,0,0.0,0.0,0.0,0.0,0.0,0,0,0,0,0,5.36481126103324
2010-05-25,Lamar,SW,4,132.5434878537592,3.84,0,0,0,0,0,0,5,0,0,0,0,0,0,0,0.0,0.0,0.0,0.0,0.0,0,0,0,0,0,4.886910801794136
2010-06-01,Lamar,SW,5,218.02627803729501,3.944545455,0,0,0,0,0,0,5,0,0,0,0,0,0,0,0.0,0.0,0.0,0.0,0.0,0,0,0,0,0,5.384615596980034
2010-06-08,Lamar,SW,6,227.033600200477,4.717272727,0,0,0,0,0,0,5,0,0,0,0,0,0,0,0.0,0.0,0.0,0.0,0.0,0,0,0,0,0,5.425098025032049
2010-06-15,Lamar,SW,7,85.51424967178926,4.717272727,0,0,0,0,0,0,5,0,0,0,0,0,0,0,0.0,0.0,0.0,0.0,0.0,0,0,0,0,0,4.448683024883953
2010-06-22,Lamar,SW,8,126.2558412824357,4.717272727,0,0,0,0,0,0,5,0,0,0,0,0,0,0,0.0,0.0,0.0,0.0,0.0,0,0,0,0,0,4.838310334668806
2010-06-29,Lamar,SW,9,201.4186599600459,4.717272727,0,0,0,0,0,0,5,0,0,0,0,0,0,0,0.0,0.0,0.0,0.0,0.0,0,0,0,0,0,5.3053856272341395
2010-07-06,Lamar,SW,10,108.88387293745161,4.535454545,0,0,0,0,0,0,5,0,0,0,0,0,0,0,0.0,0.0,0.0,0.0,0.0,0,0,0,0,0,4.6902819284072415
2010-07-13,Lamar,SW,11,206.90462914242838,4.535454545,0,0,0,0,0,0,5,0,0,0,0,0,0,0,0.0,0.0,0.0,0.0,0.0,0,0,0,0,0,5.332257958316714
2010-05-04,Las Vegas Blvd,SP,1,287.3501986986765,3.998333333,1,0,0,0,1,0,1,0,0,0,1,0,0,0,3.998333333,0.0,0.0,0.0,3.998333333,0,1,0,0,1,5.660701676440119
2010-05-11,Las Vegas Blvd,SP,2,296.96136977416336,4.14,1,0,0,0,1,0,1,0,0,0,1,0,0,0,4.14,0.0,0.0,0.0,4.14,0,1,0,0,1,5.69360206224265
2010-05-18,Las Vegas Blvd,SP,3,305.4853657905559,3.927272727,1,0,0,0,0,0,1,0,0,0,0,0,0,0,3.927272727,0.0,0.0,0.0,0.0,0,1,0,0,0,5.721901874978384
2010-05-25,Las Vegas Blvd,SP,4,295.202044767528,3.894545455,1,0,0,0,0,0,1,0,0,0,0,0,0,0,3.894545455,0.0,0.0,0.0,0.0,0,1,0,0,0,5.687660019421596
2010-06-01,Las Vegas Blvd,SP,5,224.8690670251559,3.894545455,1,0,0,0,0,0,1,0,0,0,0,0,0,0,3.894545455,0.0,0.0,0.0,0.0,0,1,0,0,0,5.4155183084881
2010-06-08,Las Vegas Blvd,SP,6,212.9096595688307,4.083636364,1,0,0,0,0,0,1,0,0,0,0,0,0,0,4.083636364,0.0,0.0,0.0,0.0,0,1,0,0,0,5.360867942259713
2010-06-15,Las Vegas Blvd,SP,7,274.8006181703937,4.074615385,1,0,0,0,0,0,1,0,0,0,0,0,0,0,4.074615385,0.0,0.0,0.0,0.0,0,1,0,0,0,5.616045809874025
2010-06-22,Las Vegas Blvd,SP,8,413.58600258037416,4.14,1,0,1,0,0,0,1,0,1,0,0,0,0,0,4.14,0.0,4.14,0.0,0.0,0,1,0,1,0,6.0248654797307575
2010-06-29,Las Vegas Blvd,SP,9,279.5398347380268,4.074615385,1,0,0,1,0,0,1,0,0,1,0,0,0,0,4.074615385,0.0,0.0,4.074615385,0.0,0,1,0,0,1,5.633144803864008
2010-07-06,Las Vegas Blvd,SP,10,250.6087143965304,3.730714286,1,0,0,1,0,0,1,0,0,1,0,0,0,0,3.730714286,0.0,0.0,3.730714286,0.0,0,1,0,0,1,5.523892815985576
2010-07-13,Las Vegas Blvd,SP,11,273.2801475833632,3.615384615,1,0,0,1,0,0,1,0,0,1,0,0,0,0,3.615384615,0.0,0.0,3.615384615,0.0,0,1,0,0,1,5.6104974506445675
2010-05-04,Los Altos,NC,1,251.38089095116806,4.856666667,1,0,0,0,0,1,5,0,0,0,0,0,0,0,4.856666667,0.0,0.0,0.0,0.0,1,5,0,0,0,5.526969282730875
2010-05-11,Los Altos,NC,2,195.13823690223302,4.680909091,1,0,0,0,0,1,5,0,0,0,0,0,0,0,4.680909091,0.0,0.0,0.0,0.0,1,5,0,0,0,5.273708214598673
2010-05-18,Los Altos,NC,3,322.4741859869222,4.59,1,0,0,0,0,1,5,0,0,0,0,0,0,0,4.59,0.0,0.0,0.0,0.0,1,5,0,0,0,5.776023089580775
2010-05-25,Los Altos,NC,4,199.27203034529634,4.59,1,0,0,0,0,1,5,0,0,0,0,0,0,0,4.59,0.0,0.0,0.0,0.0,1,5,0,0,0,5.294670877908612
2010-06-01,Los Altos,NC,5,250.41607225418892,4.59,1,0,0,0,0,1,5,0,0,0,0,0,0,0,4.59,0.0,0.0,0.0,0.0,1,5,0,0,0,5.5231238234847355
2010-06-08,Los Altos,NC,6,249.01702200874257,4.950833333,1,0,0,0,0,1,5,0,0,0,0,0,0,0,4.950833333,0.0,0.0,0.0,0.0,1,5,0,0,0,5.517521255609062
2010-06-15,Los Altos,NC,7,284.49694193869175,4.775,1,0,1,0,0,1,5,0,1,0,0,0,0,0,4.775,0.0,4.775,0.0,0.0,1,5,0,5,0,5.650722504611223
2010-06-22,Los Altos,NC,8,256.23768100022596,4.674615385,1,0,0,1,0,1,5,0,0,1,0,0,0,0,4.674615385,0.0,0.0,4.674615385,0.0,1,5,0,0,1,5.54610545515156
2010-06-29,Los Altos,NC,9,328.0545907725259,4.398333333,1,0,0,1,0,1,5,0,0,1,0,0,0,0,4.398333333,0.0,0.0,4.398333333,0.0,1,5,0,0,1,5.79318002981742
2010-07-06,Los Altos,NC,10,287.5708281391941,4.456666667,1,0,0,1,0,1,5,0,0,1,0,0,0,0,4.456666667,0.0,0.0,4.456666667,0.0,1,5,0,0,1,5.661469188641096
2010-07-13,Los Altos,NC,11,228.81265136927155,4.456666667,1,0,0,0,1,1,5,0,0,0,1,0,0,0,4.456666667,0.0,0.0,0.0,4.456666667,1,5,0,0,1,5.432903552423078
2010-05-04,Louisville,MA,1,245.7950386978497,3.967777778,0,0,0,0,0,4,2,0,0,0,0,0,0,0,0.0,0.0,0.0,0.0,0.0,0,0,0,0,0,5.504498012623305
2010-05-11,Louisville,MA,2,215.6461186937593,4.056666667,0,0,0,0,0,4,2,0,0,0,0,0,0,0,0.0,0.0,0.0,0.0,0.0,0,0,0,0,0,5.373638724757801
2010-05-18,Louisville,MA,3,138.30679100460907,3.598333333,0,0,0,0,0,4,2,0,0,0,0,0,0,0,0.0,0.0,0.0,0.0,0.0,0,0,0,0,0,4.929474340896914
2010-05-25,Louisville,MA,4,201.3741550287497,3.598333333,0,0,0,0,0,4,2,0,0,0,0,0,0,0,0.0,0.0,0.0,0.0,0.0,0,0,0,0,0,5.3051646454796435
2010-06-01,Louisville,MA,5,256.98591142015675,3.598333333,0,0,0,0,0,4,2,0,0,0,0,0,0,0,0.0,0.0,0.0,0.0,0.0,0,0,0,0,0,5.549021264015761
2010-06-08,Louisville,MA,6,188.10437388211932,4.056666667,0,0,0,0,0,4,2,0,0,0,0,0,0,0,0.0,0.0,0.0,0.0,0.0,0,0,0,0,0,5.236996988998464
2010-06-15,Louisville,MA,7,124.38985083619701,4.056666667,0,0,0,0,0,4,2,0,0,0,0,0,0,0,0.0,0.0,0.0,0.0,0.0,0,0,0,0,0,4.8234205920588185
2010-06-22,Louisville,MA,8,156.1740682133599,3.735454545,0,0,0,0,0,4,2,0,0,0,0,0,0,0,0.0,0.0,0.0,0.0,0.0,0,0,0,0,0,5.050971207063515
2010-06-29,Louisville,MA,9,288.2326090392483,4.056666667,0,0,0,0,0,4,2,0,0,0,0,0,0,0,0.0,0.0,0.0,0.0,0.0,0,0,0,0,0,5.663767824420994
2010-07-06,Louisville,MA,10,148.26599974059826,3.711666667,0,0,0,0,0,4,2,0,0,0,0,0,0,0,0.0,0.0,0.0,0.0,0.0,0,0,0,0,0,4.999007956105706
2010-07-13,Louisville,MA,11,142.45749506642406,3.711666667,0,0,0,0,0,4,2,0,0,0,0,0,0,0,0.0,0.0,0.0,0.0,0.0,0,0,0,0,0,4.959043674978687
2010-05-04,Marlton,MA,1,257.28028934429125,3.761428571,0,0,0,0,0,3,0,0,0,0,0,0,0,0,0.0,0.0,0.0,0.0,0.0,0,0,0,0,0,5.550166110617967
2010-05-11,Marlton,MA,2,164.27594682096412,3.523333333,0,0,0,0,0,3,0,0,0,0,0,0,0,0,0.0,0.0,0.0,0.0,0.0,0,0,0,0,0,5.101547616401254
2010-05-18,Marlton,MA,3,80.5251182298654,3.356666667,0,0,0,0,0,3,0,0,0,0,0,0,0,0,0.0,0.0,0.0,0.0,0.0,0,0,0,0,0,4.38856916345419
2010-05-25,Marlton,MA,4,271.6577576358457,3.34,0,0,0,0,0,3,0,0,0,0,0,0,0,0,0.0,0.0,0.0,0.0,0.0,0,0,0,0,0,5.604543030056536
2010-06-01,Marlton,MA,5,208.29025637311878,3.44,0,0,0,0,0,3,0,0,0,0,0,0,0,0,0.0,0.0,0.0,0.0,0.0,0,0,0,0,0,5.33893257027952
2010-06-08,Marlton,MA,6,332.2814548876179,3.511111111,0,0,1,0,0,3,0,0,0,0,0,0,0,0,0.0,0.0,3.511111111,0.0,0.0,0,0,0,0,0,5.805982365460196
2010-06-15,Marlton,MA,7,314.43788867174294,3.523333333,0,0,0,1,0,3,0,0,0,0,0,0,0,0,0.0,0.0,0.0,3.523333333,0.0,0,0,0,0,1,5.750786564336619
2010-06-22,Marlton,MA,8,305.09423830561946,3.523333333,0,0,0,1,0,3,0,0,0,0,0,0,0,0,0.0,0.0,0.0,3.523333333,0.0,0,0,0,0,1,5.720620706934735
2010-06-29,Marlton,MA,9,224.28601613301373,3.523333333,0,0,0,1,0,3,0,0,0,0,0,0,0,0,0.0,0.0,0.0,3.523333333,0.0,0,0,0,0,1,5.41292209510212
2010-07-06,Marlton,MA,10,215.47607854894895,3.063333333,0,0,0,0,1,3,0,0,0,0,0,0,0,0,0.0,0.0,0.0,0.0,3.063333333,0,0,0,0,1,5.372849898969127
2010-07-13,Marlton,MA,11,322.6974827518498,3.063333333,0,0,0,0,1,3,0,0,0,0,0,0,0,0,0.0,0.0,0.0,0.0,3.063333333,0,0,0,0,1,5.776715298444442
2010-05-04,Metcalf,RM,1,305.04944445264965,4.39,1,0,0,0,0,1,0,0,0,0,0,0,0,0,4.39,0.0,0.0,0.0,0.0,1,0,0,0,0,5.7204738764280325
2010-05-11,Metcalf,RM,2,219.65535217099114,4.34,1,0,0,0,0,1,0,0,0,0,0,0,0,0,4.34,0.0,0.0,0.0,0.0,1,0,0,0,0,5.39205973694027
2010-05-18,Metcalf,RM,3,239.05316731393944,4.095,1,0,0,0,0,1,0,0,0,0,0,0,0,0,4.095,0.0,0.0,0.0,0.0,1,0,0,0,0,5.476685984572036
2010-05-25,Metcalf,RM,4,249.14047552741056,3.814,1,0,0,0,0,1,0,0,0,0,0,0,0,0,3.814,0.0,0.0,0.0,0.0,1,0,0,0,0,5.518016896131611
2010-06-01,Metcalf,RM,5,263.4753116578627,3.814,1,0,0,0,0,1,0,0,0,0,0,0,0,0,3.814,0.0,0.0,0.0,0.0,1,0,0,0,0,5.573959669693815
2010-06-08,Metcalf,RM,6,666.7293515148928,3.326,1,1,0,0,0,1,0,1,0,0,0,0,0,0,3.326,3.326,0.0,0.0,0.0,1,0,1,0,0,6.502384193726025
2010-06-15,Metcalf,RM,7,711.8649399072799,3.198666667,1,1,0,0,0,1,0,1,0,0,0,0,0,0,3.198666667,3.198666667,0.0,0.0,0.0,1,0,1,0,0,6.567888202276875
2010-06-22,Metcalf,RM,8,328.1578040335394,4.366666667,1,0,0,0,0,1,0,0,0,0,0,0,0,0,4.366666667,0.0,0.0,0.0,0.0,1,0,0,0,0,5.793494602546255
2010-06-29,Metcalf,RM,9,144.59522043429578,3.979090909,1,0,0,0,0,1,0,0,0,0,0,0,0,0,3.979090909,0.0,0.0,0.0,0.0,1,0,0,0,0,4.973938255473647
2010-07-06,Metcalf,RM,10,266.12956722271895,4.956153846,1,0,0,0,0,1,0,0,0,0,0,0,0,0,4.956153846,0.0,0.0,0.0,0.0,1,0,0,0,0,5.583983285011777
2010-07-13,Metcalf,RM,11,277.187467722705,3.813636364,1,0,0,0,0,1,0,0,0,0,0,0,0,0,3.813636364,0.0,0.0,0.0,0.0,1,0,0,0,0,5.624694056058183
2010-05-04,Middletown,NE,1,230.50294470959292,5.29,0,0,0,1,0,2,5,0,0,0,0,0,0,0,0.0,0.0,0.0,5.29,0.0,0,0,0,0,1,5.440263637667867
2010-05-11,Middletown,NE,2,363.78535420602554,4.39,0,0,0,0,1,2,5,0,0,0,0,0,0,0,0.0,0.0,0.0,0.0,4.39,0,0,0,0,1,5.896564007456242
2010-05-18,Middletown,NE,3,268.40864887242094,4.79,0,0,0,0,1,2,5,0,0,0,0,0,0,0,0.0,0.0,0.0,0.0,4.79,0,0,0,0,1,5.59251062839512
2010-05-25,Middletown,NE,4,211.23872621363978,4.39,1,0,0,0,0,2,5,0,0,0,0,0,0,0,4.39,0.0,0.0,0.0,0.0,2,5,0,0,0,5.352988897777188
2010-06-01,Middletown,NE,5,223.0831529572697,4.79,1,0,0,0,0,2,5,0,0,0,0,0,0,0,4.79,0.0,0.0,0.0,0.0,2,5,0,0,0,5.407544585172905
2010-06-08,Middletown,NE,6,351.9707473565668,5.29,1,0,0,0,0,2,5,0,0,0,0,0,0,0,5.29,0.0,0.0,0.0,0.0,2,5,0,0,0,5.863548068044097
2010-06-15,Middletown,NE,7,168.5650474293837,5.83,1,0,0,0,0,2,5,0,0,0,0,0,0,0,5.83,0.0,0.0,0.0,0.0,2,5,0,0,0,5.127321713455438
2010-06-22,Middletown,NE,8,241.9549327768654,6.19,1,0,0,0,0,2,5,0,0,0,0,0,0,0,6.19,0.0,0.0,0.0,0.0,2,5,0,0,0,5.488751480619292
2010-06-29,Middletown,NE,9,184.85808826771864,5.59,1,0,0,0,0,2,5,0,0,0,0,0,0,0,5.59,0.0,0.0,0.0,0.0,2,5,0,0,0,5.21958844026914
2010-07-06,Middletown,NE,10,200.07702230282163,4.6225,1,0,0,0,0,2,5,0,0,0,0,0,0,0,4.6225,0.0,0.0,0.0,0.0,2,5,0,0,0,5.298702403925739
2010-07-13,Middletown,NE,11,181.75129023351653,4.6225,1,0,0,0,0,2,5,0,0,0,0,0,0,0,4.6225,0.0,0.0,0.0,0.0,2,5,0,0,0,5.2026392153348775
2010-05-04,Mill Plain,PN,1,340.72443381175333,4.59,1,0,0,1,0,1,0,0,0,1,0,0,0,0,4.59,0.0,0.0,4.59,0.0,1,0,0,0,1,5.831074038596013
2010-05-11,Mill Plain,PN,2,276.8823536042355,4.899090909,1,0,0,0,1,1,0,0,0,0,1,0,0,0,4.899090909,0.0,0.0,0.0,4.899090909,1,0,0,0,1,5.623592699739659
2010-05-18,Mill Plain,PN,3,469.6665028412266,4.399090909,1,0,0,0,1,1,0,0,0,0,1,0,0,0,4.399090909,0.0,0.0,0.0,4.399090909,1,0,0,0,1,6.152022874418359
2010-05-25,Mill Plain,PN,4,207.85191898080905,4.054285714,1,0,0,0,0,1,0,0,0,0,0,0,0,0,4.054285714,0.0,0.0,0.0,0.0,1,0,0,0,0,5.336825898183374
2010-06-01,Mill Plain,PN,5,247.3354522846679,4.054285714,1,0,0,0,0,1,0,0,0,0,0,0,0,0,4.054285714,0.0,0.0,0.0,0.0,1,0,0,0,0,5.510745521651256
2010-06-08,Mill Plain,PN,6,233.3518879450073,4.447142857,1,0,0,0,0,1,0,0,0,0,0,0,0,0,4.447142857,0.0,0.0,0.0,0.0,1,0,0,0,0,5.452547562978083
2010-06-15,Mill Plain,PN,7,247.00409333420194,4.174615385,1,0,0,0,0,1,0,0,0,0,0,0,0,0,4.174615385,0.0,0.0,0.0,0.0,1,0,0,0,0,5.509404908693907
2010-06-22,Mill Plain,PN,8,424.70444318068456,4.447142857,1,0,1,0,0,1,0,0,1,0,0,0,0,0,4.447142857,0.0,4.447142857,0.0,0.0,1,0,0,0,0,6.051393499192177
2010-06-29,Mill Plain,PN,9,310.58286465597484,4.197142857,1,0,0,1,0,1,0,0,0,1,0,0,0,0,4.197142857,0.0,0.0,4.197142857,0.0,1,0,0,0,1,5.738450740667232
2010-07-06,Mill Plain,PN,10,347.11686444932445,3.303076923,1,0,0,1,0,1,0,0,0,1,0,0,0,0,3.303076923,0.0,0.0,3.303076923,0.0,1,0,0,0,1,5.849661508404023
2010-07-13,Mill Plain,PN,11,331.33111705025635,3.637857143,1,0,0,1,0,1,0,0,0,1,0,0,0,0,3.637857143,0.0,0.0,3.637857143,0.0,1,0,0,0,1,5.803118228982964
2010-05-04,Milwaukee,MW,1,248.86945673146946,4.167777778,1,0,0,0,0,3,3,0,0,0,0,0,0,0,4.167777778,0.0,0.0,0.0,0.0,3,3,0,0,0,5.516928488832317
2010-05-11,Milwaukee,MW,2,332.24424225442067,4.167777778,1,0,0,0,0,3,3,0,0,0,0,0,0,0,4.167777778,0.0,0.0,0.0,0.0,3,3,0,0,0,5.805870367885396
2010-05-18,Milwaukee,MW,3,309.7899002419639,3.765,1,0,0,0,0,3,3,0,0,0,0,0,0,0,3.765,0.0,0.0,0.0,0.0,3,3,0,0,0,5.735894326553877
2010-05-25,Milwaukee,MW,4,201.8570327585652,4.0,1,0,0,0,0,3,3,0,0,0,0,0,0,0,4.0,0.0,0.0,0.0,0.0,3,3,0,0,0,5.307559688200867
2010-06-01,Milwaukee,MW,5,245.53821815821317,3.834444444,1,0,0,0,0,3,3,0,0,0,0,0,0,0,3.834444444,0.0,0.0,0.0,0.0,3,3,0,0,0,5.503452609897387
2010-06-08,Milwaukee,MW,6,210.86976212831263,4.167777778,1,0,0,0,0,3,3,0,0,0,0,0,0,0,4.167777778,0.0,0.0,0.0,0.0,3,3,0,0,0,5.351240701806312
2010-06-15,Milwaukee,MW,7,359.9615274942452,4.208181818,1,0,1,0,0,3,3,0,1,0,0,0,0,0,4.208181818,0.0,4.208181818,0.0,0.0,3,3,0,3,0,5.885997157667815
2010-06-22,Milwaukee,MW,8,263.16596012919643,4.535454545,1,0,0,1,0,3,3,0,0,1,0,0,0,0,4.535454545,0.0,0.0,4.535454545,0.0,3,3,0,0,1,5.572784860271088
2010-06-29,Milwaukee,MW,9,370.3729795319168,4.356666667,1,0,0,1,0,3,3,0,0,1,0,0,0,0,4.356666667,0.0,0.0,4.356666667,0.0,3,3,0,0,1,5.914510550683215
2010-07-06,Milwaukee,MW,10,242.76983137438629,3.884545455,1,0,0,1,0,3,3,0,0,1,0,0,0,0,3.884545455,0.0,0.0,3.884545455,0.0,3,3,0,0,1,5.492113798476777
2010-07-13,Milwaukee,MW,11,375.24808120551415,3.884545455,1,0,0,0,1,3,3,0,0,0,1,0,0,0,3.884545455,0.0,0.0,0.0,3.884545455,3,3,0,0,1,5.9275873571241195
2010-05-04,Mount Washington,MA,1,237.71606292693326,3.904285714,0,0,0,0,0,0,0,0,0,0,0,0,0,0,0.0,0.0,0.0,0.0,0.0,0,0,0,0,0,5.471076948553021
2010-05-11,Mount Washington,MA,2,149.3169476454455,3.904285714,0,0,0,0,0,0,0,0,0,0,0,0,0,0,0.0,0.0,0.0,0.0,0.0,0,0,0,0,0,5.006071212138048
2010-05-18,Mount Washington,MA,3,103.89607680236023,3.618571429,0,0,0,0,0,0,0,0,0,0,0,0,0,0,0.0,0.0,0.0,0.0,0.0,0,0,0,0,0,4.643391138030973
2010-05-25,Mount Washington,MA,4,141.2090064490816,3.618571429,0,0,0,0,0,0,0,0,0,0,0,0,0,0,0.0,0.0,0.0,0.0,0.0,0,0,0,0,0,4.950241108075115
2010-06-01,Mount Washington,MA,5,216.5325625786597,3.618571429,0,0,0,0,0,0,0,0,0,0,0,0,0,0,0.0,0.0,0.0,0.0,0.0,0,0,0,0,0,5.377740940653287
2010-06-08,Mount Washington,MA,6,352.4302633558284,3.904285714,0,0,1,0,0,0,0,0,0,0,0,0,0,0,0.0,0.0,3.904285714,0.0,0.0,0,0,0,0,0,5.864852768228956
2010-06-15,Mount Washington,MA,7,186.6678082877093,3.904285714,0,0,0,1,0,0,0,0,0,0,0,0,0,0,0.0,0.0,0.0,3.904285714,0.0,0,0,0,0,1,5.229330610869398
2010-06-22,Mount Washington,MA,8,290.779603084597,3.904285714,0,0,0,1,0,0,0,0,0,0,0,0,0,0,0.0,0.0,0.0,3.904285714,0.0,0,0,0,0,1,5.6725656024999305
2010-06-29,Mount Washington,MA,9,273.3437135411053,3.904285714,0,0,0,1,0,0,0,0,0,0,0,0,0,0,0.0,0.0,0.0,3.904285714,0.0,0,0,0,0,1,5.610730027239002
2010-07-06,Mount Washington,MA,10,299.30554824711294,3.608571429,0,0,0,0,1,0,0,0,0,0,0,0,0,0,0.0,0.0,0.0,0.0,3.608571429,0,0,0,0,1,5.701464952097839
2010-07-13,Mount Washington,MA,11,249.27424817531522,3.608571429,0,0,0,0,1,0,0,0,0,0,0,0,0,0,0.0,0.0,0.0,0.0,3.608571429,0,0,0,0,1,5.518553688665038
2010-05-04,Mountain Brook,SO,1,233.71699697579464,3.99,0,0,0,0,0,1,1,0,0,0,0,0,0,0,0.0,0.0,0.0,0.0,0.0,0,0,0,0,0,5.454110968792269
2010-05-11,Mountain Brook,SO,2,149.6202612129404,4.04,0,0,0,0,0,1,1,0,0,0,0,0,0,0,0.0,0.0,0.0,0.0,0.0,0,0,0,0,0,5.008100492285139
2010-05-18,Mountain Brook,SO,3,164.89231126780092,3.848333333,0,0,0,0,0,1,1,0,0,0,0,0,0,0,0.0,0.0,0.0,0.0,0.0,0,0,0,0,0,5.105292601842967
2010-05-25,Mountain Brook,SO,4,212.59476061348943,3.848333333,0,0,0,0,0,1,1,0,0,0,0,0,0,0,0.0,0.0,0.0,0.0,0.0,0,0,0,0,0,5.359387821264987
2010-06-01,Mountain Brook,SO,5,223.9997208371357,3.756666667,0,0,0,0,0,1,1,0,0,0,0,0,0,0,0.0,0.0,0.0,0.0,0.0,0,0,0,0,0,5.411644805591476
2010-06-08,Mountain Brook,SO,6,265.76106749028565,3.665,0,0,0,0,0,1,1,0,0,0,0,0,0,0,0.0,0.0,0.0,0.0,0.0,0,0,0,0,0,5.582597662602423
2010-06-15,Mountain Brook,SO,7,157.2552266460334,3.6,0,0,0,0,0,1,1,0,0,0,0,0,0,0,0.0,0.0,0.0,0.0,0.0,0,0,0,0,0,5.057870132840799
2010-06-22,Mountain Brook,SO,8,178.68716307563201,4.165454545,0,0,0,0,0,1,1,0,0,0,0,0,0,0,0.0,0.0,0.0,0.0,0.0,0,0,0,0,0,5.185636584529901
2010-06-29,Mountain Brook,SO,9,277.6188584219497,5.096666667,0,0,0,0,0,1,1,0,0,0,0,0,0,0,0.0,0.0,0.0,0.0,0.0,0,0,0,0,0,5.626249160121902
2010-07-06,Mountain Brook,SO,10,325.65417286242507,3.491818182,0,0,0,0,0,1,1,0,0,0,0,0,0,0,0.0,0.0,0.0,0.0,0.0,0,0,0,0,0,5.785835998859108
2010-07-13,Mountain Brook,SO,11,231.01529627196487,3.496,0,0,0,0,0,1,1,0,0,0,0,0,0,0,0.0,0.0,0.0,0.0,0.0,0,0,0,0,0,5.442483925957057
2010-05-04,Napa,NC,1,253.6199839618628,4.623333333,1,0,0,1,0,3,2,0,0,1,0,0,0,0,4.623333333,0.0,0.0,4.623333333,0.0,3,2,0,0,1,5.535837020569873
2010-05-11,Napa,NC,2,321.74922131133314,4.623333333,1,0,0,0,1,3,2,0,0,0,1,0,0,0,4.623333333,0.0,0.0,0.0,4.623333333,3,2,0,0,1,5.773772426306511
2010-05-18,Napa,NC,3,231.56674581680608,4.29,1,0,0,0,1,3,2,0,0,0,1,0,0,0,4.29,0.0,0.0,0.0,4.29,3,2,0,0,1,5.444868150833486
2010-05-25,Napa,NC,4,183.85014679130973,4.29,1,0,0,0,0,3,2,0,0,0,0,0,0,0,4.29,0.0,0.0,0.0,0.0,3,2,0,0,0,5.214121006176713
2010-06-01,Napa,NC,5,228.74046708915824,4.29,1,0,0,0,0,3,2,0,0,0,0,0,0,0,4.29,0.0,0.0,0.0,0.0,3,2,0,0,0,5.432588029360072
2010-06-08,Napa,NC,6,234.02795404813045,4.624166667,1,0,0,0,0,3,2,0,0,0,0,0,0,0,4.624166667,0.0,0.0,0.0,0.0,3,2,0,0,0,5.455440569966862
2010-06-15,Napa,NC,7,294.7704404358223,4.64,1,0,0,0,0,3,2,0,0,0,0,0,0,0,4.64,0.0,0.0,0.0,0.0,3,2,0,0,0,5.686196885395765
2010-06-22,Napa,NC,8,204.07514794934764,4.64,1,0,0,0,0,3,2,0,0,0,0,0,0,0,4.64,0.0,0.0,0.0,0.0,3,2,0,0,0,5.318488298312522
2010-06-29,Napa,NC,9,276.71774697402867,4.64,1,0,0,0,0,3,2,0,0,0,0,0,0,0,4.64,0.0,0.0,0.0,0.0,3,2,0,0,0,5.622998022697924
2010-07-06,Napa,NC,10,209.41891309737446,4.47,1,0,0,0,0,3,2,0,0,0,0,0,0,0,4.47,0.0,0.0,0.0,0.0,3,2,0,0,0,5.344336614784605
2010-07-13,Napa,NC,11,250.02367075964906,4.426363636,1,0,0,0,0,3,2,0,0,0,0,0,0,0,4.426363636,0.0,0.0,0.0,0.0,3,2,0,0,0,5.521555596418687
2010-05-04,New Lincoln Park (aka Lincoln Park),MW,1,157.72699360892807,4.55,1,0,0,0,0,2,5,0,0,0,0,0,0,0,4.55,0.0,0.0,0.0,0.0,2,5,0,0,0,5.06086564995463
2010-05-11,New Lincoln Park (aka Lincoln Park),MW,2,301.30818078096803,4.862727273,1,0,0,0,0,2,5,0,0,0,0,0,0,0,4.862727273,0.0,0.0,0.0,0.0,2,5,0,0,0,5.708133597380561
2010-05-18,New Lincoln Park (aka Lincoln Park),MW,3,238.59306467412782,4.135454545,1,0,0,0,0,2,5,0,0,0,0,0,0,0,4.135454545,0.0,0.0,0.0,0.0,2,5,0,0,0,5.474759442494211
2010-05-25,New Lincoln Park (aka Lincoln Park),MW,4,315.8942060320304,4.135454545,1,0,0,0,0,2,5,0,0,0,0,0,0,0,4.135454545,0.0,0.0,0.0,0.0,2,5,0,0,0,5.755407366494003
2010-06-01,New Lincoln Park (aka Lincoln Park),MW,5,220.0981471576647,4.135454545,1,0,0,0,0,2,5,0,0,0,0,0,0,0,4.135454545,0.0,0.0,0.0,0.0,2,5,0,0,0,5.394073570312815
2010-06-08,New Lincoln Park (aka Lincoln Park),MW,6,368.07697992904286,4.34,1,0,1,0,0,2,5,0,1,0,0,0,0,0,4.34,0.0,4.34,0.0,0.0,2,5,0,5,0,5.908292100882676
2010-06-15,New Lincoln Park (aka Lincoln Park),MW,7,325.725755932131,4.096666667,1,0,0,1,0,2,5,0,0,1,0,0,0,0,4.096666667,0.0,0.0,4.096666667,0.0,2,5,0,0,1,5.786055787854223
2010-06-22,New Lincoln Park (aka Lincoln Park),MW,8,379.6878697116813,4.12,1,0,1,1,0,2,5,0,1,1,0,0,0,0,4.12,0.0,4.12,4.12,0.0,2,5,0,5,1,5.939349519694733
2010-06-29,New Lincoln Park (aka Lincoln Park),MW,9,348.65699907323193,4.089375,1,0,0,1,0,2,5,0,0,1,0,0,0,0,4.089375,0.0,0.0,4.089375,0.0,2,5,0,0,1,5.854088628248922
2010-07-06,New Lincoln Park (aka Lincoln Park),MW,10,416.2537313175997,3.950625,1,0,0,1,1,2,5,0,0,1,1,0,0,0,3.950625,0.0,0.0,3.950625,3.950625,2,5,0,0,2,6.031295005380842
2010-07-13,New Lincoln Park (aka Lincoln Park),MW,11,471.9848440607782,3.950625,1,0,0,1,1,2,5,0,0,1,1,0,0,0,3.950625,0.0,0.0,3.950625,3.950625,2,5,0,0,2,6.156946875029293
2010-05-04,Newtonville,Unknown,1,221.56812273741735,4.24,0,0,0,0,0,2,4,0,0,0,0,0,0,0,0.0,0.0,0.0,0.0,0.0,0,0,0,0,0,5.40073009406274
2010-05-11,Newtonville,Unknown,2,202.83269476018543,4.24,0,0,0,0,0,2,4,0,0,0,0,0,0,0,0.0,0.0,0.0,0.0,0.0,0,0,0,0,0,5.312381475489202
2010-05-18,Newtonville,Unknown,3,208.25415548206524,4.065,0,0,0,0,0,2,4,0,0,0,0,0,0,0,0.0,0.0,0.0,0.0,0.0,0,0,0,0,0,5.338759235143499
2010-05-25,Newtonville,Unknown,4,129.61861834661505,3.861428571,0,0,0,0,0,2,4,0,0,0,0,0,0,0,0.0,0.0,0.0,0.0,0.0,0,0,0,0,0,4.864596433681959
2010-06-01,Newtonville,Unknown,5,145.5555470893902,4.065,0,0,0,0,0,2,4,0,0,0,0,0,0,0,0.0,0.0,0.0,0.0,0.0,0,0,0,0,0,4.980557780694482
2010-06-08,Newtonville,Unknown,6,206.05824713196054,4.718571429,0,0,0,0,0,2,4,0,0,0,0,0,0,0,0.0,0.0,0.0,0.0,0.0,0,0,0,0,0,5.328158881890236
2010-06-15,Newtonville,Unknown,7,164.59874895672652,4.84,0,0,0,0,0,2,4,0,0,0,0,0,0,0,0.0,0.0,0.0,0.0,0.0,0,0,0,0,0,5.103510687708171
2010-06-22,Newtonville,Unknown,8,181.20027896240137,4.718571429,0,0,0,0,0,2,4,0,0,0,0,0,0,0,0.0,0.0,0.0,0.0,0.0,0,0,0,0,0,5.199602933135295
2010-06-29,Newtonville,Unknown,9,231.43908621357286,4.718571429,0,0,0,0,0,2,4,0,0,0,0,0,0,0,0.0,0.0,0.0,0.0,0.0,0,0,0,0,0,5.4443167123951905
2010-07-06,Newtonville,Unknown,10,47.559851899867965,4.294285714,0,0,0,0,0,2,4,0,0,0,0,0,0,0,0.0,0.0,0.0,0.0,0.0,0,0,0,0,0,3.8619889578536446
2010-07-13,Newtonville,Unknown,11,222.81218949170608,3.424285714,0,0,0,0,0,2,4,0,0,0,0,0,0,0,0.0,0.0,0.0,0.0,0.0,0,0,0,0,0,5.406329217022033
2010-05-04,Northbrook,MW,1,359.43146397956735,3.5,1,0,0,0,0,2,3,0,0,0,0,0,0,0,3.5,0.0,0.0,0.0,0.0,2,3,0,0,0,5.884523516370542
2010-05-11,Northbrook,MW,2,261.9962331490712,3.5,1,0,0,0,0,2,3,0,0,0,0,0,0,0,3.5,0.0,0.0,0.0,0.0,2,3,0,0,0,5.568330126364121
2010-05-18,Northbrook,MW,3,246.99668795703997,3.507692308,1,0,0,0,0,2,3,0,0,0,0,0,0,0,3.507692308,0.0,0.0,0.0,0.0,2,3,0,0,0,5.509374927457265
2010-05-25,Northbrook,MW,4,232.1333578724576,3.492666667,1,0,0,0,0,2,3,0,0,0,0,0,0,0,3.492666667,0.0,0.0,0.0,0.0,2,3,0,0,0,5.447312024937252
2010-06-01,Northbrook,MW,5,284.22949968762555,3.65,1,0,0,0,0,2,3,0,0,0,0,0,0,0,3.65,0.0,0.0,0.0,0.0,2,3,0,0,0,5.649782009317862
2010-06-08,Northbrook,MW,6,329.2498806739662,2.944,1,0,1,0,0,2,3,0,1,0,0,0,0,0,2.944,0.0,2.944,0.0,0.0,2,3,0,3,0,5.796816978205606
2010-06-15,Northbrook,MW,7,373.44485004521664,2.899333333,1,0,0,1,0,2,3,0,0,1,0,0,0,0,2.899333333,0.0,0.0,2.899333333,0.0,2,3,0,0,1,5.92277033649569
2010-06-22,Northbrook,MW,8,335.26492189378786,3.39125,1,0,0,1,0,2,3,0,0,1,0,0,0,0,3.39125,0.0,0.0,3.39125,0.0,2,3,0,0,1,5.814921030921558
2010-06-29,Northbrook,MW,9,408.43517623092725,3.084666667,1,0,0,1,0,2,3,0,0,1,0,0,0,0,3.084666667,0.0,0.0,3.084666667,0.0,2,3,0,0,1,6.012333214390702
2010-07-06,Northbrook,MW,10,341.31525997990053,3.685625,1,0,0,0,1,2,3,0,0,0,1,0,0,0,3.685625,0.0,0.0,0.0,3.685625,2,3,0,0,1,5.832806566251846
2010-07-13,Northbrook,MW,11,324.4757675064766,3.362666667,1,0,0,0,1,2,3,0,0,0,1,0,0,0,3.362666667,0.0,0.0,0.0,3.362666667,2,3,0,0,1,5.782210856950412
2010-05-04,Old Town,MA,1,113.51073122779462,3.904285714,0,0,0,0,0,1,4,0,0,0,0,0,0,0,0.0,0.0,0.0,0.0,0.0,0,0,0,0,0,4.7318973807145595
2010-05-11,Old Town,MA,2,267.5313899739806,3.54,0,0,0,0,0,1,4,0,0,0,0,0,0,0,0.0,0.0,0.0,0.0,0.0,0,0,0,0,0,5.589236905148717
2010-05-18,Old Town,MA,3,175.8285538885567,3.34,0,0,0,0,0,1,4,0,0,0,0,0,0,0,0.0,0.0,0.0,0.0,0.0,0,0,0,0,0,5.169509394636228
2010-05-25,Old Town,MA,4,235.56756669018012,3.412222222,0,0,0,0,0,1,4,0,0,0,0,0,0,0,0.0,0.0,0.0,0.0,0.0,0,0,0,0,0,5.461997779695718
2010-06-01,Old Town,MA,5,151.33727037309848,3.34,0,0,0,0,0,1,4,0,0,0,0,0,0,0,0.0,0.0,0.0,0.0,0.0,0,0,0,0,0,5.019510924716104
2010-06-08,Old Town,MA,6,211.4232455205643,3.634444444,0,0,0,0,0,1,4,0,0,0,0,0,0,0,0.0,0.0,0.0,0.0,0.0,0,0,0,0,0,5.353862027280132
2010-06-15,Old Town,MA,7,272.3020380097825,3.54,0,0,0,0,0,1,4,0,0,0,0,0,0,0,0.0,0.0,0.0,0.0,0.0,0,0,0,0,0,5.606911884079846
2010-06-22,Old Town,MA,8,163.02528919556178,3.54,0,0,0,0,0,1,4,0,0,0,0,0,0,0,0.0,0.0,0.0,0.0,0.0,0,0,0,0,0,5.093905337211518
2010-06-29,Old Town,MA,9,170.96248093169947,3.54,0,0,0,0,0,1,4,0,0,0,0,0,0,0,0.0,0.0,0.0,0.0,0.0,0,0,0,0,0,5.141444122672675
2010-07-06,Old Town,MA,10,176.15168917132803,3.126,0,0,0,0,0,1,4,0,0,0,0,0,0,0,0.0,0.0,0.0,0.0,0.0,0,0,0,0,0,5.171345494132856
2010-07-13,Old Town,MA,11,145.65043161858205,3.126,0,0,0,0,0,1,4,0,0,0,0,0,0,0,0.0,0.0,0.0,0.0,0.0,0,0,0,0,0,4.981209446796742
2010-05-04,P Street,MA,1,136.5730846217058,4.1275,0,0,0,0,0,1,4,0,0,0,0,0,0,0,0.0,0.0,0.0,0.0,0.0,0,0,0,0,0,4.916859889813721
2010-05-11,P Street,MA,2,274.90949048055086,3.54,0,0,0,0,0,1,4,0,0,0,0,0,0,0,0.0,0.0,0.0,0.0,0.0,0,0,0,0,0,5.616441917967609
2010-05-18,P Street,MA,3,201.68844724813425,3.598333333,0,0,0,0,0,1,4,0,0,0,0,0,0,0,0.0,0.0,0.0,0.0,0.0,0,0,0,0,0,5.306724166414151
2010-05-25,P Street,MA,4,173.88827415904893,3.598333333,0,0,0,0,0,1,4,0,0,0,0,0,0,0,0.0,0.0,0.0,0.0,0.0,0,0,0,0,0,5.158412990444208
2010-06-01,P Street,MA,5,253.95833513695538,3.598333333,0,0,0,0,0,1,4,0,0,0,0,0,0,0,0.0,0.0,0.0,0.0,0.0,0,0,0,0,0,5.537170218669465
2010-06-08,P Street,MA,6,236.74914768852614,4.056666667,0,0,0,0,0,1,4,0,0,0,0,0,0,0,0.0,0.0,0.0,0.0,0.0,0,0,0,0,0,5.4670011320112435
2010-06-15,P Street,MA,7,269.8142452998841,4.056666667,0,0,0,0,0,1,4,0,0,0,0,0,0,0,0.0,0.0,0.0,0.0,0.0,0,0,0,0,0,5.59773374186048
2010-06-22,P Street,MA,8,348.925560564987,4.056666667,0,0,1,0,0,1,4,0,0,0,0,0,0,0,0.0,0.0,4.056666667,0.0,0.0,0,0,0,4,0,5.8548586059420655
2010-06-29,P Street,MA,9,243.08811096149108,4.056666667,0,0,0,1,0,1,4,0,0,0,0,0,0,0,0.0,0.0,0.0,4.056666667,0.0,0,0,0,0,1,5.493423974167652
2010-07-06,P Street,MA,10,273.53225253915105,3.711666667,0,0,0,1,0,1,4,0,0,0,0,0,0,0,0.0,0.0,0.0,3.711666667,0.0,0,0,0,0,1,5.611419540098259
2010-07-13,P Street,MA,11,286.31471586876955,3.711666667,0,0,0,1,0,1,4,0,0,0,0,0,0,0,0.0,0.0,0.0,3.711666667,0.0,0,0,0,0,1,5.65709161095347
2010-05-04,Pacific Coast Highway (aka El Segundo),SP,1,274.48942292951864,4.518571429,1,0,0,1,0,1,1,0,0,1,0,0,0,0,4.518571429,0.0,0.0,4.518571429,0.0,1,1,0,0,1,5.6149127280743025
2010-05-11,Pacific Coast Highway (aka El Segundo),SP,2,215.1756139135906,4.62125,1,0,0,0,1,1,1,0,0,0,1,0,0,0,4.62125,0.0,0.0,0.0,4.62125,1,1,0,0,1,5.371454503621235
2010-05-18,Pacific Coast Highway (aka El Segundo),SP,3,359.24125193026657,4.371875,1,0,0,0,1,1,1,0,0,0,1,0,0,0,4.371875,0.0,0.0,0.0,4.371875,1,1,0,0,1,5.8839941737378485
2010-05-25,Pacific Coast Highway (aka El Segundo),SP,4,184.32715510504937,4.343125,1,0,0,0,0,1,1,0,0,0,0,0,0,0,4.343125,0.0,0.0,0.0,0.0,1,1,0,0,0,5.216712195683396
2010-06-01,Pacific Coast Highway (aka El Segundo),SP,5,232.62191981307856,4.1,1,0,0,0,0,1,1,0,0,0,0,0,0,0,4.1,0.0,0.0,0.0,0.0,1,1,0,0,0,5.449414473877776
2010-06-08,Pacific Coast Highway (aka El Segundo),SP,6,223.70683038859718,4.55,1,0,0,0,0,1,1,0,0,0,0,0,0,0,4.55,0.0,0.0,0.0,0.0,1,1,0,0,0,5.410336401729525
2010-06-15,Pacific Coast Highway (aka El Segundo),SP,7,219.06930037857487,4.62125,1,0,0,0,0,1,1,0,0,0,0,0,0,0,4.62125,0.0,0.0,0.0,0.0,1,1,0,0,0,5.389388119844714
2010-06-22,Pacific Coast Highway (aka El Segundo),SP,8,367.8104259762052,4.62125,1,0,1,0,0,1,1,0,1,0,0,0,0,0,4.62125,0.0,4.62125,0.0,0.0,1,1,0,1,0,5.907567658631439
2010-06-29,Pacific Coast Highway (aka El Segundo),SP,9,364.88269057880945,4.62125,1,0,0,1,0,1,1,0,0,1,0,0,0,0,4.62125,0.0,0.0,4.62125,0.0,1,1,0,0,1,5.899575906249338
2010-07-06,Pacific Coast Highway (aka El Segundo),SP,10,301.4910536296194,4.280625,1,0,0,1,0,1,1,0,0,1,0,0,0,0,4.280625,0.0,0.0,4.280625,0.0,1,1,0,0,1,5.708740342856741
2010-07-13,Pacific Coast Highway (aka El Segundo),SP,11,430.63557268857926,4.265333333,1,0,0,1,0,1,1,0,0,1,0,0,0,0,4.265333333,0.0,0.0,4.265333333,0.0,1,1,0,0,1,6.065262193428397
2010-05-04,Palatine,MW,1,226.83540533105773,4.19,1,0,0,0,0,1,5,0,0,0,0,0,0,0,4.19,0.0,0.0,0.0,0.0,1,5,0,0,0,5.424224667831616
2010-05-11,Palatine,MW,2,319.37159675592846,4.167777778,1,0,0,0,0,1,5,0,0,0,0,0,0,0,4.167777778,0.0,0.0,0.0,0.0,1,5,0,0,0,5.766355304951068
2010-05-18,Palatine,MW,3,279.93851050895273,3.765,1,0,0,0,0,1,5,0,0,0,0,0,0,0,3.765,0.0,0.0,0.0,0.0,1,5,0,0,0,5.6345699737273005
2010-05-25,Palatine,MW,4,197.50706894594208,3.765,1,0,0,0,0,1,5,0,0,0,0,0,0,0,3.765,0.0,0.0,0.0,0.0,1,5,0,0,0,5.2857743758320055
2010-06-01,Palatine,MW,5,280.7068479733043,3.69,1,0,0,0,0,1,5,0,0,0,0,0,0,0,3.69,0.0,0.0,0.0,0.0,1,5,0,0,0,5.63731087912763
2010-06-08,Palatine,MW,6,220.51392764741288,3.805384615,1,0,0,0,0,1,5,0,0,0,0,0,0,0,3.805384615,0.0,0.0,0.0,0.0,1,5,0,0,0,5.3959608568259885
2010-06-15,Palatine,MW,7,270.4909181425405,4.075714286,1,0,0,0,0,1,5,0,0,0,0,0,0,0,4.075714286,0.0,0.0,0.0,0.0,1,5,0,0,0,5.60023852338849
2010-06-22,Palatine,MW,8,350.2439807265526,3.818571429,1,0,1,0,0,1,5,0,1,0,0,0,0,0,3.818571429,0.0,3.818571429,0.0,0.0,1,5,0,5,0,5.858629999420769
2010-06-29,Palatine,MW,9,320.6792159357824,4.218571429,1,0,0,1,0,1,5,0,0,1,0,0,0,0,4.218571429,0.0,0.0,4.218571429,0.0,1,5,0,0,1,5.770441296166718
2010-07-06,Palatine,MW,10,270.87754938767415,3.737857143,1,0,0,1,0,1,5,0,0,1,0,0,0,0,3.737857143,0.0,0.0,3.737857143,0.0,1,5,0,0,1,5.601666871488003
2010-07-13,Palatine,MW,11,373.0119979853662,3.441538462,1,0,0,1,0,1,5,0,0,1,0,0,0,0,3.441538462,0.0,0.0,3.441538462,0.0,1,5,0,0,1,5.921610585307102
2010-05-04,Palm Beach Gardens,FL,1,179.03076002818565,4.559230769,0,0,0,0,0,1,4,0,0,0,0,0,0,0,0.0,0.0,0.0,0.0,0.0,0,0,0,0,0,5.187557634810193
2010-05-11,Palm Beach Gardens,FL,2,238.27528556402828,4.20875,0,0,0,0,0,1,4,0,0,0,0,0,0,0,0.0,0.0,0.0,0.0,0.0,0,0,0,0,0,5.4734266672870495
2010-05-18,Palm Beach Gardens,FL,3,163.09534122547697,4.055625,0,0,0,0,0,1,4,0,0,0,0,0,0,0,0.0,0.0,0.0,0.0,0.0,0,0,0,0,0,5.0943349453040945
2010-05-25,Palm Beach Gardens,FL,4,239.5760624236634,4.055625,0,0,0,0,0,1,4,0,0,0,0,0,0,0,0.0,0.0,0.0,0.0,0.0,0,0,0,0,0,5.478870954838227
2010-06-01,Palm Beach Gardens,FL,5,204.9345107592231,4.055625,0,0,0,0,0,1,4,0,0,0,0,0,0,0,0.0,0.0,0.0,0.0,0.0,0,0,0,0,0,5.322690468389178
2010-06-08,Palm Beach Gardens,FL,6,156.40946381163693,4.383333333,0,0,0,0,0,1,4,0,0,0,0,0,0,0,0.0,0.0,0.0,0.0,0.0,0,0,0,0,0,5.05247733658512
2010-06-15,Palm Beach Gardens,FL,7,242.68880717096485,4.47,0,0,0,0,0,1,4,0,0,0,0,0,0,0,0.0,0.0,0.0,0.0,0.0,0,0,0,0,0,5.4917799937085
2010-06-22,Palm Beach Gardens,FL,8,239.1235110094795,4.47,0,0,0,0,0,1,4,0,0,0,0,0,0,0,0.0,0.0,0.0,0.0,0.0,0,0,0,0,0,5.47698020091188
2010-06-29,Palm Beach Gardens,FL,9,199.01339937790152,4.098333333,0,0,0,0,0,1,4,0,0,0,0,0,0,0,0.0,0.0,0.0,0.0,0.0,0,0,0,0,0,5.293372156014985
2010-07-06,Palm Beach Gardens,FL,10,107.13302889135136,4.193571429,0,0,0,0,0,1,4,0,0,0,0,0,0,0,0.0,0.0,0.0,0.0,0.0,0,0,0,0,0,4.67407132292017
2010-07-13,Palm Beach Gardens,FL,11,241.64242867984262,4.371428571,0,0,0,0,0,1,4,0,0,0,0,0,0,0,0.0,0.0,0.0,0.0,0.0,0,0,0,0,0,5.487459066038781
2010-05-04,Parkway (aka Arlington),SW,1,131.66975301436872,3.99,0,0,0,0,0,2,1,0,0,0,0,0,0,0,0.0,0.0,0.0,0.0,0.0,0,0,0,0,0,4.8802969165737435
2010-05-11,Parkway (aka Arlington),SW,2,140.28213301703792,3.99,0,0,0,0,0,2,1,0,0,0,0,0,0,0,0.0,0.0,0.0,0.0,0.0,0,0,0,0,0,4.943655630581511
2010-05-18,Parkway (aka Arlington),SW,3,187.40270000237732,3.74,0,0,0,0,0,2,1,0,0,0,0,0,0,0,0.0,0.0,0.0,0.0,0.0,0,0,0,0,0,5.233259777397316
2010-05-25,Parkway (aka Arlington),SW,4,190.10765770326026,3.74,0,0,0,0,0,2,1,0,0,0,0,0,0,0,0.0,0.0,0.0,0.0,0.0,0,0,0,0,0,5.2475905311831195
2010-06-01,Parkway (aka Arlington),SW,5,148.6690947652046,3.74,0,0,0,0,0,2,1,0,0,0,0,0,0,0,0.0,0.0,0.0,0.0,0.0,0,0,0,0,0,5.001722995719956
2010-06-08,Parkway (aka Arlington),SW,6,174.01389194140611,4.434444444,0,0,0,0,0,2,1,0,0,0,0,0,0,0,0.0,0.0,0.0,0.0,0.0,0,0,0,0,0,5.159135134771299
2010-06-15,Parkway (aka Arlington),SW,7,230.16780940285602,3.99,0,0,0,0,0,2,1,0,0,0,0,0,0,0,0.0,0.0,0.0,0.0,0.0,0,0,0,0,0,5.438808648989431
2010-06-22,Parkway (aka Arlington),SW,8,103.5966979343234,3.99,0,0,0,0,0,2,1,0,0,0,0,0,0,0,0.0,0.0,0.0,0.0,0.0,0,0,0,0,0,4.640505456096604
2010-06-29,Parkway (aka Arlington),SW,9,181.25127564666602,3.99,0,0,0,0,0,2,1,0,0,0,0,0,0,0,0.0,0.0,0.0,0.0,0.0,0,0,0,0,0,5.199884331760589
2010-07-06,Parkway (aka Arlington),SW,10,134.42582676456578,4.59,0,0,0,0,0,2,1,0,0,0,0,0,0,0,0.0,0.0,0.0,0.0,0.0,0,0,0,0,0,4.901012573054851
2010-07-13,Parkway (aka Arlington),SW,11,143.39206059961762,4.59,0,0,0,0,0,2,1,0,0,0,0,0,0,0,0.0,0.0,0.0,0.0,0.0,0,0,0,0,0,4.965582561218696
2010-05-04,Pasadena,SP,1,299.2009098743755,4.89,1,0,0,0,1,2,3,0,0,0,1,0,0,0,4.89,0.0,0.0,0.0,4.89,2,3,0,0,1,5.701115287119681
2010-05-11,Pasadena,SP,2,268.3650651149027,4.566363636,1,0,0,0,1,2,3,0,0,0,1,0,0,0,4.566363636,0.0,0.0,0.0,4.566363636,2,3,0,0,1,5.592348236845466
2010-05-18,Pasadena,SP,3,198.94925711274726,4.75,1,0,0,0,0,2,3,0,0,0,0,0,0,0,4.75,0.0,0.0,0.0,0.0,2,3,0,0,0,5.293049802825992
2010-05-25,Pasadena,SP,4,199.7395647260518,4.273571429,1,0,0,0,0,2,3,0,0,0,0,0,0,0,4.273571429,0.0,0.0,0.0,0.0,2,3,0,0,0,5.29701434160991
2010-06-01,Pasadena,SP,5,285.30175325290634,4.521428571,1,0,0,0,0,2,3,0,0,0,0,0,0,0,4.521428571,0.0,0.0,0.0,0.0,2,3,0,0,0,5.6535474034964235
2010-06-08,Pasadena,SP,6,199.9368021581478,4.246666667,1,0,0,0,0,2,3,0,0,0,0,0,0,0,4.246666667,0.0,0.0,0.0,0.0,2,3,0,0,0,5.298001327403666
2010-06-15,Pasadena,SP,7,162.82189992112984,4.79,1,0,0,0,0,2,3,0,0,0,0,0,0,0,4.79,0.0,0.0,0.0,0.0,2,3,0,0,0,5.092656964921443
2010-06-22,Pasadena,SP,8,289.62191353673495,4.613076923,1,0,0,0,0,2,3,0,0,0,0,0,0,0,4.613076923,0.0,0.0,0.0,0.0,2,3,0,0,0,5.668576325938691
2010-06-29,Pasadena,SP,9,347.1103786215952,4.583076923,1,0,1,0,0,2,3,0,1,0,0,0,0,0,4.583076923,0.0,4.583076923,0.0,0.0,2,3,0,3,0,5.849642823376047
2010-07-06,Pasadena,SP,10,299.1688665480791,4.198333333,1,0,0,1,0,2,3,0,0,1,0,0,0,0,4.198333333,0.0,0.0,4.198333333,0.0,2,3,0,0,1,5.701008185031341
2010-07-13,Pasadena,SP,11,318.7492476018069,4.265333333,1,0,0,1,0,2,3,0,0,1,0,0,0,0,4.265333333,0.0,0.0,4.265333333,0.0,2,3,0,0,1,5.764404736004931
2010-05-04,Pearl,RM,1,153.977799671602,5.018571429,1,0,0,0,0,1,2,0,0,0,0,0,0,0,5.018571429,0.0,0.0,0.0,0.0,1,2,0,0,0,5.036808434045259
2010-05-11,Pearl,RM,2,232.9148620919779,5.018571429,1,0,0,0,0,1,2,0,0,0,0,0,0,0,5.018571429,0.0,0.0,0.0,0.0,1,2,0,0,0,5.450672988044436
2010-05-18,Pearl,RM,3,308.27675199977176,4.463529412,1,0,1,0,0,1,2,0,1,0,0,0,0,0,4.463529412,0.0,4.463529412,0.0,0.0,1,2,0,2,0,5.730997924977073
2010-05-25,Pearl,RM,4,272.2057008209485,5.010588235,1,0,0,1,0,1,2,0,0,1,0,0,0,0,5.010588235,0.0,0.0,5.010588235,0.0,1,2,0,0,1,5.606558033498967
2010-06-01,Pearl,RM,5,355.8712457355962,4.881666667,1,0,0,1,0,1,2,0,0,1,0,0,0,0,4.881666667,0.0,0.0,4.881666667,0.0,1,2,0,0,1,5.874568996151889
2010-06-08,Pearl,RM,6,337.17576313998126,4.832941176,1,0,0,1,0,1,2,0,0,1,0,0,0,0,4.832941176,0.0,0.0,4.832941176,0.0,1,2,0,0,1,5.820604346735368
2010-06-15,Pearl,RM,7,361.3615520275816,5.230555556,1,0,1,0,1,1,2,0,1,0,1,0,0,0,5.230555556,0.0,5.230555556,0.0,5.230555556,1,2,0,2,1,5.889878986299439
2010-06-22,Pearl,RM,8,1041.2002563709802,4.083529412,1,1,1,1,1,1,2,1,1,1,1,1,1,1,4.083529412,4.083529412,4.083529412,4.083529412,4.083529412,1,2,1,2,2,6.948129419346831
2010-06-29,Pearl,RM,9,753.3879872489069,4.083529412,1,1,0,1,0,1,2,1,0,1,0,0,1,0,4.083529412,4.083529412,0.0,4.083529412,0.0,1,2,1,0,1,6.6245803504120895
2010-07-06,Pearl,RM,10,192.077597710293,4.747058824,1,0,0,1,0,1,2,0,0,1,0,0,0,0,4.747058824,0.0,0.0,4.747058824,0.0,1,2,0,0,1,5.257899445120362
2010-07-13,Pearl,RM,11,390.64287641209955,4.148,1,0,0,1,1,1,2,0,0,1,1,0,0,0,4.148,0.0,0.0,4.148,4.148,1,2,0,0,2,5.967793783058519
2010-05-04,Petaluma,NC,1,312.5972709867086,4.680909091,1,0,0,0,0,2,5,0,0,0,0,0,0,0,4.680909091,0.0,0.0,0.0,0.0,2,5,0,0,0,5.7449156879003525
2010-05-11,Petaluma,NC,2,267.80241742306964,4.680909091,1,0,1,0,0,2,5,0,1,0,0,0,0,0,4.680909091,0.0,4.680909091,0.0,0.0,2,5,0,5,0,5.59024946018821
2010-05-18,Petaluma,NC,3,293.28951130043794,4.59,1,0,0,1,0,2,5,0,0,1,0,0,0,0,4.59,0.0,0.0,4.59,0.0,2,5,0,0,1,5.681160214349891
2010-05-25,Petaluma,NC,4,313.50566536471644,4.59,1,0,0,1,0,2,5,0,0,1,0,0,0,0,4.59,0.0,0.0,4.59,0.0,2,5,0,0,1,5.7478174312484995
2010-06-01,Petaluma,NC,5,299.4943918670104,4.59,1,0,0,1,0,2,5,0,0,1,0,0,0,0,4.59,0.0,0.0,4.59,0.0,2,5,0,0,1,5.7020956923952495
2010-06-08,Petaluma,NC,6,277.5531039937719,4.974545455,1,0,0,0,1,2,5,0,0,0,1,0,0,0,4.974545455,0.0,0.0,0.0,4.974545455,2,5,0,0,1,5.626012280621723
2010-06-15,Petaluma,NC,7,298.3961108795624,4.931666667,1,0,0,0,1,2,5,0,0,0,1,0,0,0,4.931666667,0.0,0.0,0.0,4.931666667,2,5,0,0,1,5.698421834999238
2010-06-22,Petaluma,NC,8,338.87436363012034,4.931666667,1,0,0,0,0,2,5,0,0,0,0,0,0,0,4.931666667,0.0,0.0,0.0,0.0,2,5,0,0,0,5.825629429927344
2010-06-29,Petaluma,NC,9,188.77255790782152,4.944545455,1,0,0,0,0,2,5,0,0,0,0,0,0,0,4.944545455,0.0,0.0,0.0,0.0,2,5,0,0,0,5.2405428930825515
2010-07-06,Petaluma,NC,10,337.0098751579201,4.79,1,0,0,0,0,2,5,0,0,0,0,0,0,0,4.79,0.0,0.0,0.0,0.0,2,5,0,0,0,5.820112233062262
2010-07-13,Petaluma,NC,11,268.17489837617734,4.79,1,0,0,0,0,2,5,0,0,0,0,0,0,0,4.79,0.0,0.0,0.0,0.0,2,5,0,0,0,5.591639373537499
2010-05-04,Philadelphia,MA,1,156.63099861075312,3.904285714,0,0,0,0,0,4,2,0,0,0,0,0,0,0,0.0,0.0,0.0,0.0,0.0,0,0,0,0,0,5.053892711673599
2010-05-11,Philadelphia,MA,2,170.64443579447516,3.634444444,0,0,0,0,0,4,2,0,0,0,0,0,0,0,0.0,0.0,0.0,0.0,0.0,0,0,0,0,0,5.139582068870208
2010-05-18,Philadelphia,MA,3,186.39773977901353,3.34,0,0,0,0,0,4,2,0,0,0,0,0,0,0,0.0,0.0,0.0,0.0,0.0,0,0,0,0,0,5.227882776528905
2010-05-25,Philadelphia,MA,4,250.8764747669288,3.412222222,0,0,0,0,0,4,2,0,0,0,0,0,0,0,0.0,0.0,0.0,0.0,0.0,0,0,0,0,0,5.524960685592213
2010-06-01,Philadelphia,MA,5,199.68927943405623,3.404285714,0,0,0,0,0,4,2,0,0,0,0,0,0,0,0.0,0.0,0.0,0.0,0.0,0,0,0,0,0,5.296762555626016
2010-06-08,Philadelphia,MA,6,148.63493356991495,3.904285714,0,0,0,0,0,4,2,0,0,0,0,0,0,0,0.0,0.0,0.0,0.0,0.0,0,0,0,0,0,5.0014931892445365
2010-06-15,Philadelphia,MA,7,320.9399013743639,3.904285714,0,0,0,0,0,4,2,0,0,0,0,0,0,0,0.0,0.0,0.0,0.0,0.0,0,0,0,0,0,5.771253882468755
2010-06-22,Philadelphia,MA,8,187.72749178351694,3.904285714,0,0,0,0,0,4,2,0,0,0,0,0,0,0,0.0,0.0,0.0,0.0,0.0,0,0,0,0,0,5.234991399481644
2010-06-29,Philadelphia,MA,9,235.1267257502059,3.904285714,0,0,0,0,0,4,2,0,0,0,0,0,0,0,0.0,0.0,0.0,0.0,0.0,0,0,0,0,0,5.460124627308053
2010-07-06,Philadelphia,MA,10,215.6434901370085,3.608571429,0,0,0,0,0,4,2,0,0,0,0,0,0,0,0.0,0.0,0.0,0.0,0.0,0,0,0,0,0,5.373626535469226
2010-07-13,Philadelphia,MA,11,215.02602948310218,3.608571429,0,0,0,0,0,4,2,0,0,0,0,0,0,0,0.0,0.0,0.0,0.0,0.0,0,0,0,0,0,5.370759088162867
2010-05-04,Pike's Peak,RM,1,256.29154906337163,4.499090909,1,0,0,0,0,2,4,0,0,0,0,0,0,0,4.499090909,0.0,0.0,0.0,0.0,2,4,0,0,0,5.5463156599952415
2010-05-11,Pike's Peak,RM,2,184.67931669463792,5.483333333,1,0,0,0,0,2,4,0,0,0,0,0,0,0,5.483333333,0.0,0.0,0.0,0.0,2,4,0,0,0,5.218620897689545
2010-05-18,Pike's Peak,RM,3,259.95286757158794,4.293846154,1,0,0,0,0,2,4,0,0,0,0,0,0,0,4.293846154,0.0,0.0,0.0,0.0,2,4,0,0,0,5.560500336011766
2010-05-25,Pike's Peak,RM,4,325.8419190807234,4.058181818,1,0,0,0,0,2,4,0,0,0,0,0,0,0,4.058181818,0.0,0.0,0.0,0.0,2,4,0,0,0,5.7864123529641205
2010-06-01,Pike's Peak,RM,5,291.7726894160776,4.025,1,0,0,0,0,2,4,0,0,0,0,0,0,0,4.025,0.0,0.0,0.0,0.0,2,4,0,0,0,5.675975038206407
2010-06-08,Pike's Peak,RM,6,126.71894491627157,6.251538462,1,0,0,0,0,2,4,0,0,0,0,0,0,0,6.251538462,0.0,0.0,0.0,0.0,2,4,0,0,0,4.841971601928798
2010-06-15,Pike's Peak,RM,7,206.70153351002702,5.671818182,1,0,0,0,0,2,4,0,0,0,0,0,0,0,5.671818182,0.0,0.0,0.0,0.0,2,4,0,0,0,5.331275885673395
2010-06-22,Pike's Peak,RM,8,201.9848922666526,5.666923077,1,0,0,0,0,2,4,0,0,0,0,0,0,0,5.666923077,0.0,0.0,0.0,0.0,2,4,0,0,0,5.308192903845091
2010-06-29,Pike's Peak,RM,9,303.19777569926305,3.851538462,1,0,0,0,0,2,4,0,0,0,0,0,0,0,3.851538462,0.0,0.0,0.0,0.0,2,4,0,0,0,5.714385317657083
2010-07-06,Pike's Peak,RM,10,342.4580282835205,4.138125,1,0,0,0,0,2,4,0,0,0,0,0,0,0,4.138125,0.0,0.0,0.0,0.0,2,4,0,0,0,5.836149105035404
2010-07-13,Pike's Peak,RM,11,189.9242866439691,4.138125,1,0,0,0,0,2,4,0,0,0,0,0,0,0,4.138125,0.0,0.0,0.0,0.0,2,4,0,0,0,5.246625501394179
2010-05-04,Plano,SW,1,136.50867259413042,3.99,0,0,0,0,0,1,1,0,0,0,0,0,0,0,0.0,0.0,0.0,0.0,0.0,0,0,0,0,0,4.916388148094856
2010-05-11,Plano,SW,2,221.58173422450722,3.99,0,0,0,0,0,1,1,0,0,0,0,0,0,0,0.0,0.0,0.0,0.0,0.0,0,0,0,0,0,5.40079152469114
2010-05-18,Plano,SW,3,231.25145156130358,3.775714286,0,0,0,0,0,1,1,0,0,0,0,0,0,0,0.0,0.0,0.0,0.0,0.0,0,0,0,0,0,5.443505653394688
2010-05-25,Plano,SW,4,136.01133611519785,3.775714286,0,0,0,0,0,1,1,0,0,0,0,0,0,0,0.0,0.0,0.0,0.0,0.0,0,0,0,0,0,4.912738236050537
2010-06-01,Plano,SW,5,213.82001807499972,3.704285714,0,0,0,0,0,1,1,0,0,0,0,0,0,0,0.0,0.0,0.0,0.0,0.0,0,0,0,0,0,5.365134624119069
2010-06-08,Plano,SW,6,155.71857244785772,3.99,0,0,0,0,0,1,1,0,0,0,0,0,0,0,0.0,0.0,0.0,0.0,0.0,0,0,0,0,0,5.048050355270602
2010-06-15,Plano,SW,7,196.57879370651298,3.99,0,0,0,0,0,1,1,0,0,0,0,0,0,0,0.0,0.0,0.0,0.0,0.0,0,0,0,0,0,5.281063336719782
2010-06-22,Plano,SW,8,147.89412723322428,3.99,0,0,0,0,0,1,1,0,0,0,0,0,0,0,0.0,0.0,0.0,0.0,0.0,0,0,0,0,0,4.996496661242273
2010-06-29,Plano,SW,9,218.22040005340662,3.99,0,0,0,0,0,1,1,0,0,0,0,0,0,0,0.0,0.0,0.0,0.0,0.0,0,0,0,0,0,5.3855055614825655
2010-07-06,Plano,SW,10,182.41421867655149,3.775714286,0,0,0,0,0,1,1,0,0,0,0,0,0,0,0.0,0.0,0.0,0.0,0.0,0,0,0,0,0,5.2062800278726
2010-07-13,Plano,SW,11,114.82582802226139,3.775714286,0,0,0,0,0,1,1,0,0,0,0,0,0,0,0.0,0.0,0.0,0.0,0.0,0,0,0,0,0,4.74341644135295
2010-05-04,Plantation,FL,1,201.31407102859163,4.39,0,0,0,0,0,2,5,0,0,0,0,0,0,0,0.0,0.0,0.0,0.0,0.0,0,0,0,0,0,5.304866230990637
2010-05-11,Plantation,FL,2,132.29828345052275,4.39,0,0,0,0,0,2,5,0,0,0,0,0,0,0,0.0,0.0,0.0,0.0,0.0,0,0,0,0,0,4.885059096361929
2010-05-18,Plantation,FL,3,165.5682952086573,4.012727273,0,0,0,0,0,2,5,0,0,0,0,0,0,0,0.0,0.0,0.0,0.0,0.0,0,0,0,0,0,5.109383769567491
2010-05-25,Plantation,FL,4,191.69830370073214,3.809230769,0,0,0,0,0,2,5,0,0,0,0,0,0,0,0.0,0.0,0.0,0.0,0.0,0,0,0,0,0,5.2559228012943064
2010-06-01,Plantation,FL,5,182.73938911758734,4.146666667,0,0,0,0,0,2,5,0,0,0,0,0,0,0,0.0,0.0,0.0,0.0,0.0,0,0,0,0,0,5.208061034660145
2010-06-08,Plantation,FL,6,209.09797244700047,4.35875,0,0,0,0,0,2,5,0,0,0,0,0,0,0,0.0,0.0,0.0,0.0,0.0,0,0,0,0,0,5.34280290981656
2010-06-15,Plantation,FL,7,239.3412309642179,4.35875,0,0,0,0,0,2,5,0,0,0,0,0,0,0,0.0,0.0,0.0,0.0,0.0,0,0,0,0,0,5.477890278293413
2010-06-22,Plantation,FL,8,137.8719006851011,4.116666667,0,0,0,0,0,2,5,0,0,0,0,0,0,0,0.0,0.0,0.0,0.0,0.0,0,0,0,0,0,4.926324998155828
2010-06-29,Plantation,FL,9,238.4028120160266,4.336153846,0,0,0,0,0,2,5,0,0,0,0,0,0,0,0.0,0.0,0.0,0.0,0.0,0,0,0,0,0,5.473961730490869
2010-07-06,Plantation,FL,10,237.2250632011996,4.093076923,0,0,0,0,0,2,5,0,0,0,0,0,0,0,0.0,0.0,0.0,0.0,0.0,0,0,0,0,0,5.469009324278586
2010-07-13,Plantation,FL,11,111.44654122915425,4.093076923,0,0,0,0,0,2,5,0,0,0,0,0,0,0,0.0,0.0,0.0,0.0,0.0,0,0,0,0,0,4.713545025067256
2010-05-04,Ponce de Lyon,SO,1,196.7857801305311,4.047142857,0,0,0,0,0,2,2,0,0,0,0,0,0,0,0.0,0.0,0.0,0.0,0.0,0,0,0,0,0,5.28211572657331
2010-05-11,Ponce de Lyon,SO,2,146.21018174428565,3.743,0,0,0,0,0,2,2,0,0,0,0,0,0,0,0.0,0.0,0.0,0.0,0.0,0,0,0,0,0,4.98504518746452
2010-05-18,Ponce de Lyon,SO,3,139.54696226234802,3.642,0,0,0,0,0,2,2,0,0,0,0,0,0,0,0.0,0.0,0.0,0.0,0.0,0,0,0,0,0,4.93840119165044
2010-05-25,Ponce de Lyon,SO,4,72.62767696054689,3.55,0,0,0,0,0,2,2,0,0,0,0,0,0,0,0.0,0.0,0.0,0.0,0.0,0,0,0,0,0,4.285346074534714
2010-06-01,Ponce de Lyon,SO,5,234.85742714160605,3.55,0,0,0,0,0,2,2,0,0,0,0,0,0,0,0.0,0.0,0.0,0.0,0.0,0,0,0,0,0,5.458978637017039
2010-06-08,Ponce de Lyon,SO,6,236.28789581523017,3.745555556,0,0,0,0,0,2,2,0,0,0,0,0,0,0,0.0,0.0,0.0,0.0,0.0,0,0,0,0,0,5.465050959077367
2010-06-15,Ponce de Lyon,SO,7,141.77869901731677,3.745555556,0,0,0,0,0,2,2,0,0,0,0,0,0,0,0.0,0.0,0.0,0.0,0.0,0,0,0,0,0,4.954267384318449
2010-06-22,Ponce de Lyon,SO,8,232.58167813805687,3.847777778,0,0,0,0,0,2,2,0,0,0,0,0,0,0,0.0,0.0,0.0,0.0,0.0,0,0,0,0,0,5.4492414671542715
2010-06-29,Ponce de Lyon,SO,9,168.75481533814556,3.921,0,0,0,0,0,2,2,0,0,0,0,0,0,0,0.0,0.0,0.0,0.0,0.0,0,0,0,0,0,5.128446864682673
2010-07-06,Ponce de Lyon,SO,10,232.5123324899833,3.496,0,0,0,0,0,2,2,0,0,0,0,0,0,0,0.0,0.0,0.0,0.0,0.0,0,0,0,0,0,5.448943266588353
2010-07-13,Ponce de Lyon,SO,11,247.611300933673,3.496,0,0,0,0,0,2,2,0,0,0,0,0,0,0,0.0,0.0,0.0,0.0,0.0,0,0,0,0,0,5.511860181665783
2010-05-04,Portland ME (aka Portland),Unknown,1,148.3953535163274,4.6275,0,0,0,0,0,0,4,0,0,0,0,0,0,0,0.0,0.0,0.0,0.0,0.0,0,0,0,0,0,4.999880019706217
2010-05-11,Portland ME (aka Portland),Unknown,2,182.42507874136902,4.6275,0,0,0,0,0,0,4,0,0,0,0,0,0,0,0.0,0.0,0.0,0.0,0.0,0,0,0,0,0,5.206339561288532
2010-05-18,Portland ME (aka Portland),Unknown,3,178.3649987359171,4.065,0,0,0,0,0,0,4,0,0,0,0,0,0,0,0.0,0.0,0.0,0.0,0.0,0,0,0,0,0,5.183832005470595
2010-05-25,Portland ME (aka Portland),Unknown,4,172.81601066574737,4.065,0,0,0,0,0,0,4,0,0,0,0,0,0,0,0.0,0.0,0.0,0.0,0.0,0,0,0,0,0,5.152227506393477
2010-06-01,Portland ME (aka Portland),Unknown,5,306.85054308676047,4.065,0,0,0,0,0,0,4,0,0,0,0,0,0,0,0.0,0.0,0.0,0.0,0.0,0,0,0,0,0,5.72636079871055
2010-06-08,Portland ME (aka Portland),Unknown,6,172.1913744769448,4.6275,0,0,0,0,0,0,4,0,0,0,0,0,0,0,0.0,0.0,0.0,0.0,0.0,0,0,0,0,0,5.148606500593576
2010-06-15,Portland ME (aka Portland),Unknown,7,198.37569218489776,4.6275,0,0,0,0,0,0,4,0,0,0,0,0,0,0,0.0,0.0,0.0,0.0,0.0,0,0,0,0,0,5.290162668115332
2010-06-22,Portland ME (aka Portland),Unknown,8,142.52067416187037,4.6275,0,0,0,0,0,0,4,0,0,0,0,0,0,0,0.0,0.0,0.0,0.0,0.0,0,0,0,0,0,4.95948707102304
2010-06-29,Portland ME (aka Portland),Unknown,9,192.35031733732092,4.6275,0,0,0,0,0,0,4,0,0,0,0,0,0,0,0.0,0.0,0.0,0.0,0.0,0,0,0,0,0,5.259318278988058
2010-07-06,Portland ME (aka Portland),Unknown,10,241.55389563672162,4.25625,0,0,0,0,0,0,4,0,0,0,0,0,0,0,0.0,0.0,0.0,0.0,0.0,0,0,0,0,0,5.487092618532223
2010-07-13,Portland ME (aka Portland),Unknown,11,292.155542070656,3.78,0,0,0,0,0,0,4,0,0,0,0,0,0,0,0.0,0.0,0.0,0.0,0.0,0,0,0,0,0,5.67728633876971
2010-05-04,Princeton,MA,1,163.57883685324762,4.137142857,0,0,0,0,0,0,3,0,0,0,0,0,0,0,0.0,0.0,0.0,0.0,0.0,0,0,0,0,0,5.0972950567133095
2010-05-11,Princeton,MA,2,240.14283873371414,3.74,0,0,0,0,0,0,3,0,0,0,0,0,0,0,0.0,0.0,0.0,0.0,0.0,0,0,0,0,0,5.481233907694167
2010-05-18,Princeton,MA,3,173.96435568026797,3.656666667,0,0,0,0,0,0,3,0,0,0,0,0,0,0,0.0,0.0,0.0,0.0,0.0,0,0,0,0,0,5.158850425817155
2010-05-25,Princeton,MA,4,208.72591854661374,3.34,0,0,0,0,0,0,3,0,0,0,0,0,0,0,0.0,0.0,0.0,0.0,0.0,0,0,0,0,0,5.341021996820716
2010-06-01,Princeton,MA,5,241.91298963206665,3.480909091,0,0,0,0,0,0,3,0,0,0,0,0,0,0,0.0,0.0,0.0,0.0,0.0,0,0,0,0,0,5.488578114529244
2010-06-08,Princeton,MA,6,199.37255472800967,3.735454545,0,0,0,0,0,0,3,0,0,0,0,0,0,0,0.0,0.0,0.0,0.0,0.0,0,0,0,0,0,5.295175208776798
2010-06-15,Princeton,MA,7,128.15942831417874,3.735454545,0,0,0,0,0,0,3,0,0,0,0,0,0,0,0.0,0.0,0.0,0.0,0.0,0,0,0,0,0,4.853275022590521
2010-06-22,Princeton,MA,8,294.9615772892011,3.735454545,0,0,1,0,0,0,3,0,0,0,0,0,0,0,0.0,0.0,3.735454545,0.0,0.0,0,0,0,3,0,5.686845101379727
2010-06-29,Princeton,MA,9,174.59030084067322,3.829,0,0,0,1,0,0,3,0,0,0,0,0,0,0,0.0,0.0,0.0,3.829,0.0,0,0,0,0,1,5.162442091121799
2010-07-06,Princeton,MA,10,336.4734456345333,3.359090909,0,0,0,1,0,0,3,0,0,0,0,0,0,0,0.0,0.0,0.0,3.359090909,0.0,0,0,0,0,1,5.818519232552035
2010-07-13,Princeton,MA,11,307.9399779092241,3.359090909,0,0,0,1,0,0,3,0,0,0,0,0,0,0,0.0,0.0,0.0,3.359090909,0.0,0,0,0,0,1,5.729904887064497
2010-05-04,Redmond,PN,1,219.48420437034014,4.216666667,1,0,0,0,0,2,3,0,0,0,0,0,0,0,4.216666667,0.0,0.0,0.0,0.0,2,3,0,0,0,5.391280268059515
2010-05-11,Redmond,PN,2,218.55443139140885,4.216666667,1,0,0,0,0,2,3,0,0,0,0,0,0,0,4.216666667,0.0,0.0,0.0,0.0,2,3,0,0,0,5.387035097431416
2010-05-18,Redmond,PN,3,214.92342312844295,4.09,1,0,0,0,0,2,3,0,0,0,0,0,0,0,4.09,0.0,0.0,0.0,0.0,2,3,0,0,0,5.3702817931879165
2010-05-25,Redmond,PN,4,221.3261073982359,3.79,1,0,0,0,0,2,3,0,0,0,0,0,0,0,3.79,0.0,0.0,0.0,0.0,2,3,0,0,0,5.399637212978263
2010-06-01,Redmond,PN,5,195.68177542013962,3.697142857,1,0,0,0,0,2,3,0,0,0,0,0,0,0,3.697142857,0.0,0.0,0.0,0.0,2,3,0,0,0,5.276489744976911
2010-06-08,Redmond,PN,6,218.67693075680057,4.216666667,1,0,0,0,0,2,3,0,0,0,0,0,0,0,4.216666667,0.0,0.0,0.0,0.0,2,3,0,0,0,5.387595438610947
2010-06-15,Redmond,PN,7,652.7564417686762,3.729333333,1,1,0,0,0,2,3,1,0,0,0,0,0,0,3.729333333,3.729333333,0.0,0.0,0.0,2,3,2,0,0,6.481204076191863
2010-06-22,Redmond,PN,8,891.0829414881408,3.594,1,1,1,0,0,2,3,1,1,0,0,1,0,0,3.594,3.594,3.594,0.0,0.0,2,3,2,3,0,6.792437511228327
2010-06-29,Redmond,PN,9,926.0925641867422,3.268571429,1,1,1,1,0,2,3,1,1,1,0,1,1,0,3.268571429,3.268571429,3.268571429,3.268571429,0.0,2,3,2,3,1,6.830974190975154
2010-07-06,Redmond,PN,10,787.3333968649916,3.364666667,1,1,0,1,0,2,3,1,0,1,0,0,1,0,3.364666667,3.364666667,0.0,3.364666667,0.0,2,3,2,0,1,6.668651788781394
2010-07-13,Redmond,PN,11,784.7921193120415,3.364666667,1,1,0,1,0,2,3,1,0,1,0,0,1,0,3.364666667,3.364666667,0.0,3.364666667,0.0,2,3,2,0,1,6.6654188665494125
2010-05-04,Redwood City,NC,1,234.3651307586319,4.87,1,0,0,0,0,3,4,0,0,0,0,0,0,0,4.87,0.0,0.0,0.0,0.0,3,4,0,0,0,5.456880287074906
2010-05-11,Redwood City,NC,2,316.1024535733986,4.79,1,0,0,0,0,3,4,0,0,0,0,0,0,0,4.79,0.0,0.0,0.0,0.0,3,4,0,0,0,5.756066381207893
2010-05-18,Redwood City,NC,3,318.197018148128,4.19,1,0,0,0,0,3,4,0,0,0,0,0,0,0,4.19,0.0,0.0,0.0,0.0,3,4,0,0,0,5.762670744860809
2010-05-25,Redwood City,NC,4,239.78827879096596,4.19,1,0,0,0,0,3,4,0,0,0,0,0,0,0,4.19,0.0,0.0,0.0,0.0,3,4,0,0,0,5.47975636229523
2010-06-01,Redwood City,NC,5,207.65387551548974,4.426363636,1,0,0,0,0,3,4,0,0,0,0,0,0,0,4.426363636,0.0,0.0,0.0,0.0,3,4,0,0,0,5.335872633593856
2010-06-08,Redwood City,NC,6,188.4934649151739,4.899090909,1,0,0,0,0,3,4,0,0,0,0,0,0,0,4.899090909,0.0,0.0,0.0,0.0,3,4,0,0,0,5.239063337402067
2010-06-15,Redwood City,NC,7,792.5162513788513,4.471666667,1,1,1,0,0,3,4,1,1,0,0,1,0,0,4.471666667,4.471666667,4.471666667,0.0,0.0,3,4,3,4,0,6.675213012012917
2010-06-22,Redwood City,NC,8,798.5545163202631,4.281666667,1,1,0,1,0,3,4,1,0,1,0,0,1,0,4.281666667,4.281666667,0.0,4.281666667,0.0,3,4,3,0,1,6.682803238737522
2010-06-29,Redwood City,NC,9,836.3219456281033,4.281666667,1,1,0,1,0,3,4,1,0,1,0,0,1,0,4.281666667,4.281666667,0.0,4.281666667,0.0,3,4,3,0,1,6.7290136413777555
2010-07-06,Redwood City,NC,10,756.3563507369603,4.723333333,1,1,0,1,0,3,4,1,0,1,0,0,1,0,4.723333333,4.723333333,0.0,4.723333333,0.0,3,4,3,0,1,6.628512628531377
2010-07-13,Redwood City,NC,11,726.3700377446826,4.728461538,1,1,0,0,1,3,4,1,0,0,1,0,0,1,4.728461538,4.728461538,0.0,0.0,4.728461538,3,4,3,0,1,6.588059578838199
2010-05-04,Regency (aka Omaha),MW,1,180.49489707832137,3.83,1,0,0,0,0,3,5,0,0,0,0,0,0,0,3.83,0.0,0.0,0.0,0.0,3,5,0,0,0,5.195702506339072
2010-05-11,Regency (aka Omaha),MW,2,224.63083159250033,3.774615385,1,0,0,0,0,3,5,0,0,0,0,0,0,0,3.774615385,0.0,0.0,0.0,0.0,3,5,0,0,0,5.414458306224717
2010-05-18,Regency (aka Omaha),MW,3,213.23584284278456,3.604285714,1,0,0,0,0,3,5,0,0,0,0,0,0,0,3.604285714,0.0,0.0,0.0,0.0,3,5,0,0,0,5.362398796560927
2010-05-25,Regency (aka Omaha),MW,4,184.0285165025727,3.543846154,1,0,0,0,0,3,5,0,0,0,0,0,0,0,3.543846154,0.0,0.0,0.0,0.0,3,5,0,0,0,5.215090726592916
2010-06-01,Regency (aka Omaha),MW,5,264.3346496899393,3.64,1,0,0,0,0,3,5,0,0,0,0,0,0,0,3.64,0.0,0.0,0.0,0.0,3,5,0,0,0,5.577215912865836
2010-06-08,Regency (aka Omaha),MW,6,239.6484759582951,3.844545455,1,0,0,0,0,3,5,0,0,0,0,0,0,0,3.844545455,0.0,0.0,0.0,0.0,3,5,0,0,0,5.479173166137453
2010-06-15,Regency (aka Omaha),MW,7,334.0207945427753,3.79,1,0,0,0,0,3,5,0,0,0,0,0,0,0,3.79,0.0,0.0,0.0,0.0,3,5,0,0,0,5.811203250148788
2010-06-22,Regency (aka Omaha),MW,8,203.48298985189018,3.774615385,1,0,0,0,0,3,5,0,0,0,0,0,0,0,3.774615385,0.0,0.0,0.0,0.0,3,5,0,0,0,5.315582413437583
2010-06-29,Regency (aka Omaha),MW,9,243.95858257394508,3.723333333,1,0,0,0,0,3,5,0,0,0,0,0,0,0,3.723333333,0.0,0.0,0.0,0.0,3,5,0,0,0,5.49699846733573
2010-07-06,Regency (aka Omaha),MW,10,277.3515759778115,3.295384615,1,0,0,0,0,3,5,0,0,0,0,0,0,0,3.295384615,0.0,0.0,0.0,0.0,3,5,0,0,0,5.625285928755918
2010-07-13,Regency (aka Omaha),MW,11,337.1564103538567,3.295384615,1,0,0,0,0,3,5,0,0,0,0,0,0,0,3.295384615,0.0,0.0,0.0,0.0,3,5,0,0,0,5.820546948358453
2010-05-04,River Street,Unknown,1,162.85438832108122,4.161428571,0,0,0,0,0,1,1,0,0,0,0,0,0,0,0.0,0.0,0.0,0.0,0.0,0,0,0,0,0,5.092856478372266
2010-05-11,River Street,Unknown,2,215.70014700432407,4.117142857,0,0,0,0,0,1,1,0,0,0,0,0,0,0,0.0,0.0,0.0,0.0,0.0,0,0,0,0,0,5.373889234917011
2010-05-18,River Street,Unknown,3,241.17930540636402,3.818571429,0,0,0,0,0,1,1,0,0,0,0,0,0,0,0.0,0.0,0.0,0.0,0.0,0,0,0,0,0,5.485540662691053
2010-05-25,River Street,Unknown,4,127.69972155824857,3.818571429,0,0,0,0,0,1,1,0,0,0,0,0,0,0,0.0,0.0,0.0,0.0,0.0,0,0,0,0,0,4.849681582599535
2010-06-01,River Street,Unknown,5,101.56983634068607,3.818571429,0,0,0,0,0,1,1,0,0,0,0,0,0,0,0.0,0.0,0.0,0.0,0.0,0,0,0,0,0,4.620746604654316
2010-06-08,River Street,Unknown,6,176.67040497657288,4.161428571,0,0,0,0,0,1,1,0,0,0,0,0,0,0,0.0,0.0,0.0,0.0,0.0,0,0,0,0,0,5.174285877898935
2010-06-15,River Street,Unknown,7,198.14700658443772,4.161428571,0,0,0,0,0,1,1,0,0,0,0,0,0,0,0.0,0.0,0.0,0.0,0.0,0,0,0,0,0,5.2890092127064765
2010-06-22,River Street,Unknown,8,197.21174152794887,4.161428571,0,0,0,0,0,1,1,0,0,0,0,0,0,0,0.0,0.0,0.0,0.0,0.0,0,0,0,0,0,5.2842779816128065
2010-06-29,River Street,Unknown,9,119.29110319730145,4.161428571,0,0,0,0,0,1,1,0,0,0,0,0,0,0,0.0,0.0,0.0,0.0,0.0,0,0,0,0,0,4.781566751279438
2010-07-06,River Street,Unknown,10,265.3694054718569,3.78,0,0,0,0,0,1,1,0,0,0,0,0,0,0,0.0,0.0,0.0,0.0,0.0,0,0,0,0,0,5.58112283820669
2010-07-13,River Street,Unknown,11,125.2110470468252,3.78,0,0,0,0,0,1,1,0,0,0,0,0,0,0,0.0,0.0,0.0,0.0,0.0,0,0,0,0,0,4.830000689971786
2010-05-04,Rockville,MA,1,171.9658140151784,3.904285714,0,0,0,0,0,1,4,0,0,0,0,0,0,0,0.0,0.0,0.0,0.0,0.0,0,0,0,0,0,5.147295701333209
2010-05-11,Rockville,MA,2,254.49795626021447,3.904285714,0,0,0,0,0,1,4,0,0,0,0,0,0,0,0.0,0.0,0.0,0.0,0.0,0,0,0,0,0,5.539292805546602
2010-05-18,Rockville,MA,3,169.60365591751986,3.34,0,0,0,0,0,1,4,0,0,0,0,0,0,0,0.0,0.0,0.0,0.0,0.0,0,0,0,0,0,5.133464279242925
2010-05-25,Rockville,MA,4,128.23626008812823,3.34,0,0,0,0,0,1,4,0,0,0,0,0,0,0,0.0,0.0,0.0,0.0,0.0,0,0,0,0,0,4.853874344495877
2010-06-01,Rockville,MA,5,220.51863121700654,3.34,0,0,0,0,0,1,4,0,0,0,0,0,0,0,0.0,0.0,0.0,0.0,0.0,0,0,0,0,0,5.395982186632595
2010-06-08,Rockville,MA,6,262.89154945940993,3.54,0,0,0,0,0,1,4,0,0,0,0,0,0,0,0.0,0.0,0.0,0.0,0.0,0,0,0,0,0,5.571741587664294
2010-06-15,Rockville,MA,7,309.2205361095332,3.54,0,0,0,0,0,1,4,0,0,0,0,0,0,0,0.0,0.0,0.0,0.0,0.0,0,0,0,0,0,5.73405473142087
2010-06-22,Rockville,MA,8,243.57384414620043,3.54,0,0,1,0,0,1,4,0,0,0,0,0,0,0,0.0,0.0,3.54,0.0,0.0,0,0,0,4,0,5.495420157928907
2010-06-29,Rockville,MA,9,234.53430483469566,3.54,0,0,0,1,0,1,4,0,0,0,0,0,0,0,0.0,0.0,0.0,3.54,0.0,0,0,0,0,1,5.457601866460857
2010-07-06,Rockville,MA,10,323.5478931954201,3.126,0,0,0,1,0,1,4,0,0,0,0,0,0,0,0.0,0.0,0.0,3.126,0.0,0,0,0,0,1,5.779347149955016
2010-07-13,Rockville,MA,11,298.3900807808009,3.126,0,0,0,1,0,1,4,0,0,0,0,0,0,0,0.0,0.0,0.0,3.126,0.0,0,0,0,0,1,5.6984016264258965
2010-05-04,Roosevelt Square,PN,1,304.4715796170495,4.523333333,1,0,0,0,1,3,2,0,0,0,1,0,0,0,4.523333333,0.0,0.0,0.0,4.523333333,3,2,0,0,1,5.718577748203037
2010-05-11,Roosevelt Square,PN,2,300.7271195277022,4.49,1,0,0,0,1,3,2,0,0,0,1,0,0,0,4.49,0.0,0.0,0.0,4.49,3,2,0,0,1,5.706203273914829
2010-05-18,Roosevelt Square,PN,3,222.53229532883975,4.413076923,1,0,0,0,0,3,2,0,0,0,0,0,0,0,4.413076923,0.0,0.0,0.0,0.0,3,2,0,0,0,5.405072238618756
2010-05-25,Roosevelt Square,PN,4,189.40162600367574,4.413076923,1,0,0,0,0,3,2,0,0,0,0,0,0,0,4.413076923,0.0,0.0,0.0,0.0,3,2,0,0,0,5.243869765739814
2010-06-01,Roosevelt Square,PN,5,207.18455533450052,4.196666667,1,0,0,0,0,3,2,0,0,0,0,0,0,0,4.196666667,0.0,0.0,0.0,0.0,3,2,0,0,0,5.333609967715685
2010-06-08,Roosevelt Square,PN,6,273.18406761275844,4.4525,1,0,0,0,0,3,2,0,0,0,0,0,0,0,4.4525,0.0,0.0,0.0,0.0,3,2,0,0,0,5.610145808326835
2010-06-15,Roosevelt Square,PN,7,130.91008070039408,4.4525,1,0,0,0,0,3,2,0,0,0,0,0,0,0,4.4525,0.0,0.0,0.0,0.0,3,2,0,0,0,4.87451068064888
2010-06-22,Roosevelt Square,PN,8,824.636968368501,4.343125,1,1,1,0,0,3,2,1,1,0,0,1,0,0,4.343125,4.343125,4.343125,0.0,0.0,3,2,3,2,0,6.7149432511481875
2010-06-29,Roosevelt Square,PN,9,885.8067046499059,3.7275,1,1,1,1,0,3,2,1,1,1,0,1,1,0,3.7275,3.7275,3.7275,3.7275,0.0,3,2,3,2,1,6.786498760493989
2010-07-06,Roosevelt Square,PN,10,703.0022742406458,3.713125,1,1,0,1,0,3,2,1,0,1,0,0,1,0,3.713125,3.713125,0.0,3.713125,0.0,3,2,3,0,1,6.5553601268561374
2010-07-13,Roosevelt Square,PN,11,772.2077925806979,3.713125,1,1,0,1,0,3,2,1,0,1,0,0,1,0,3.713125,3.713125,0.0,3.713125,0.0,3,2,3,0,1,6.649253675181313
2010-05-04,Rose City,NE,1,154.70125058617577,4.732857143,0,0,0,0,0,1,5,0,0,0,0,0,0,0,0.0,0.0,0.0,0.0,0.0,0,0,0,0,0,5.0414958414905975
2010-05-11,Rose City,NE,2,120.08165652683778,4.03,0,0,0,0,0,1,5,0,0,0,0,0,0,0,0.0,0.0,0.0,0.0,0.0,0,0,0,0,0,4.788171982423573
2010-05-18,Rose City,NE,3,284.8292030196755,3.666363636,0,0,0,0,0,1,5,0,0,0,0,0,0,0,0.0,0.0,0.0,0.0,0.0,0,0,0,0,0,5.6518897129737695
2010-05-25,Rose City,NE,4,248.17471444662888,3.666363636,1,0,0,0,0,1,5,0,0,0,0,0,0,0,3.666363636,0.0,0.0,0.0,0.0,1,5,0,0,0,5.514132991862165
2010-06-01,Rose City,NE,5,278.1469676650017,3.794,1,0,0,0,0,1,5,0,0,0,0,0,0,0,3.794,0.0,0.0,0.0,0.0,1,5,0,0,0,5.628149634664292
2010-06-08,Rose City,NE,6,275.66126852782827,4.03,1,0,0,0,0,1,5,0,0,0,0,0,0,0,4.03,0.0,0.0,0.0,0.0,1,5,0,0,0,5.619172824039889
2010-06-15,Rose City,NE,7,325.0397327552549,3.63,1,0,1,0,0,1,5,0,1,0,0,0,0,0,3.63,0.0,3.63,0.0,0.0,1,5,0,5,0,5.783947429488802
2010-06-22,Rose City,NE,8,336.94447229060336,4.03,1,0,0,1,0,1,5,0,0,1,0,0,0,0,4.03,0.0,0.0,4.03,0.0,1,5,0,0,1,5.819918146125158
2010-06-29,Rose City,NE,9,304.843724408636,4.212222222,1,0,0,1,0,1,5,0,0,1,0,0,0,0,4.212222222,0.0,0.0,4.212222222,0.0,1,5,0,0,1,5.719799266308363
2010-07-06,Rose City,NE,10,257.52693757002027,4.02,1,0,0,1,0,1,5,0,0,1,0,0,0,0,4.02,0.0,0.0,4.02,0.0,1,5,0,0,1,5.551124326554754
2010-07-13,Rose City,NE,11,280.4960732289815,4.01625,1,0,0,0,1,1,5,0,0,0,1,0,0,0,4.01625,0.0,0.0,0.0,4.01625,1,5,0,0,1,5.636559725681095
2010-05-04,Roseville,NC,1,285.5211170384406,4.623333333,1,0,0,1,0,2,1,0,0,1,0,0,0,0,4.623333333,0.0,0.0,4.623333333,0.0,2,1,0,0,1,5.654315991469154
2010-05-11,Roseville,NC,2,289.1212787977879,4.680909091,1,0,0,1,0,2,1,0,0,1,0,0,0,0,4.680909091,0.0,0.0,4.680909091,0.0,2,1,0,0,1,5.666846249903409
2010-05-18,Roseville,NC,3,311.48139248280285,4.062727273,1,0,0,1,0,2,1,0,0,1,0,0,0,0,4.062727273,0.0,0.0,4.062727273,0.0,2,1,0,0,1,5.741339601235594
2010-05-25,Roseville,NC,4,260.13871368146846,4.062727273,1,0,0,0,1,2,1,0,0,0,1,0,0,0,4.062727273,0.0,0.0,0.0,4.062727273,2,1,0,0,1,5.561215002906942
2010-06-01,Roseville,NC,5,301.9721050830348,4.29,1,0,0,0,1,2,1,0,0,0,1,0,0,0,4.29,0.0,0.0,0.0,4.29,2,1,0,0,1,5.710334645834031
2010-06-08,Roseville,NC,6,301.02255644090786,4.604545455,1,0,0,0,0,2,1,0,0,0,0,0,0,0,4.604545455,0.0,0.0,0.0,0.0,2,1,0,0,0,5.707185200283025
2010-06-15,Roseville,NC,7,223.2061600005323,4.32,1,0,0,0,0,2,1,0,0,0,0,0,0,0,4.32,0.0,0.0,0.0,0.0,2,1,0,0,0,5.408095828695015
2010-06-22,Roseville,NC,8,246.4528503656094,4.598333333,1,0,0,0,0,2,1,0,0,0,0,0,0,0,4.598333333,0.0,0.0,0.0,0.0,2,1,0,0,0,5.507170698779816
2010-06-29,Roseville,NC,9,223.32784024474952,4.111818182,1,0,0,0,0,2,1,0,0,0,0,0,0,0,4.111818182,0.0,0.0,0.0,0.0,2,1,0,0,0,5.408640827495385
2010-07-06,Roseville,NC,10,276.77900989033407,3.96,1,0,0,0,0,2,1,0,0,0,0,0,0,0,3.96,0.0,0.0,0.0,0.0,2,1,0,0,0,5.623219389547127
2010-07-13,Roseville,NC,11,268.5930399034249,3.96,1,0,0,0,0,2,1,0,0,0,0,0,0,0,3.96,0.0,0.0,0.0,0.0,2,1,0,0,0,5.593197371256846
2010-05-04,Sacramento,NC,1,287.7962954600263,4.59,1,0,0,0,0,3,0,0,0,0,0,0,0,0,4.59,0.0,0.0,0.0,0.0,3,0,0,0,0,5.662252922445567
2010-05-11,Sacramento,NC,2,280.22447585602106,4.59,1,0,0,0,0,3,0,0,0,0,0,0,0,0,4.59,0.0,0.0,0.0,0.0,3,0,0,0,0,5.6355909814656595
2010-05-18,Sacramento,NC,3,314.6407984472702,3.901111111,1,0,0,0,0,3,0,0,0,0,0,0,0,0,3.901111111,0.0,0.0,0.0,0.0,3,0,0,0,0,5.751431665773748
2010-05-25,Sacramento,NC,4,223.71117533238038,4.19,1,0,0,0,0,3,0,0,0,0,0,0,0,0,4.19,0.0,0.0,0.0,0.0,3,0,0,0,0,5.41035582403139
2010-06-01,Sacramento,NC,5,192.6813659340274,3.901111111,1,0,0,0,0,3,0,0,0,0,0,0,0,0,3.901111111,0.0,0.0,0.0,0.0,3,0,0,0,0,5.261037870869274
2010-06-08,Sacramento,NC,6,169.33452737348145,4.222222222,1,0,0,0,0,3,0,0,0,0,0,0,0,0,4.222222222,0.0,0.0,0.0,0.0,3,0,0,0,0,5.131876210303709
2010-06-15,Sacramento,NC,7,249.79204927294322,4.534444444,1,0,0,0,0,3,0,0,0,0,0,0,0,0,4.534444444,0.0,0.0,0.0,0.0,3,0,0,0,0,5.52062876881402
2010-06-22,Sacramento,NC,8,159.10439344013244,4.56,1,0,0,0,0,3,0,0,0,0,0,0,0,0,4.56,0.0,0.0,0.0,0.0,3,0,0,0,0,5.069560549293914
2010-06-29,Sacramento,NC,9,226.89935376890494,4.178888889,1,0,0,0,0,3,0,0,0,0,0,0,0,0,4.178888889,0.0,0.0,0.0,0.0,3,0,0,0,0,5.424506543694058
2010-07-06,Sacramento,NC,10,252.18344940511184,3.99,1,0,0,0,0,3,0,0,0,0,0,0,0,0,3.99,0.0,0.0,0.0,0.0,3,0,0,0,0,5.530156796496809
2010-07-13,Sacramento,NC,11,284.1625502529555,3.99,1,0,0,0,0,3,0,0,0,0,0,0,0,0,3.99,0.0,0.0,0.0,0.0,3,0,0,0,0,5.649546434471287
2010-05-04,San Mateo,NC,1,274.467198643044,4.87,1,0,0,1,0,1,3,0,0,1,0,0,0,0,4.87,0.0,0.0,4.87,0.0,1,3,0,0,1,5.61483175888434
2010-05-11,San Mateo,NC,2,306.9105661072994,4.87,1,0,0,1,0,1,3,0,0,1,0,0,0,0,4.87,0.0,0.0,4.87,0.0,1,3,0,0,1,5.726556389535159
2010-05-18,San Mateo,NC,3,367.71406509825215,4.55,1,0,0,0,1,1,3,0,0,0,1,0,0,0,4.55,0.0,0.0,0.0,4.55,1,3,0,0,1,5.907305639134676
2010-05-25,San Mateo,NC,4,276.84943875838235,4.55,1,0,0,0,1,1,3,0,0,0,1,0,0,0,4.55,0.0,0.0,0.0,4.55,1,3,0,0,1,5.623473816026113
2010-06-01,San Mateo,NC,5,196.71347689853553,4.55,1,0,0,0,0,1,3,0,0,0,0,0,0,0,4.55,0.0,0.0,0.0,0.0,1,3,0,0,0,5.281748238037982
2010-06-08,San Mateo,NC,6,231.29473927057816,4.623333333,1,0,0,0,0,1,3,0,0,0,0,0,0,0,4.623333333,0.0,0.0,0.0,0.0,1,3,0,0,0,5.443692824796199
2010-06-15,San Mateo,NC,7,265.9044927724418,4.944545455,1,0,0,0,0,1,3,0,0,0,0,0,0,0,4.944545455,0.0,0.0,0.0,0.0,1,3,0,0,0,5.5831371945802495
2010-06-22,San Mateo,NC,8,312.8108698669852,4.859230769,1,0,0,0,0,1,3,0,0,0,0,0,0,0,4.859230769,0.0,0.0,0.0,0.0,1,3,0,0,0,5.745598758281528
2010-06-29,San Mateo,NC,9,244.89858992626748,4.859230769,1,0,0,0,0,1,3,0,0,0,0,0,0,0,4.859230769,0.0,0.0,0.0,0.0,1,3,0,0,0,5.500844206188453
2010-07-06,San Mateo,NC,10,206.5974470971449,4.728461538,1,0,0,0,0,1,3,0,0,0,0,0,0,0,4.728461538,0.0,0.0,0.0,0.0,1,3,0,0,0,5.330772199867397
2010-07-13,San Mateo,NC,11,325.8254776993041,4.728461538,1,0,0,0,0,1,3,0,0,0,0,0,0,0,4.728461538,0.0,0.0,0.0,0.0,1,3,0,0,0,5.786361893538026
2010-05-04,San Rafael,NC,1,271.98685855962606,4.79,1,0,0,0,0,1,1,0,0,0,0,0,0,0,4.79,0.0,0.0,0.0,0.0,1,1,0,0,0,5.605753751009811
2010-05-11,San Rafael,NC,2,211.82161024648673,4.79,1,0,0,0,0,1,1,0,0,0,0,0,0,0,4.79,0.0,0.0,0.0,0.0,1,1,0,0,0,5.355744459343416
2010-05-18,San Rafael,NC,3,296.2917788992091,4.482307692,1,0,1,0,0,1,1,0,1,0,0,0,0,0,4.482307692,0.0,4.482307692,0.0,0.0,1,1,0,1,0,5.69134470832625
2010-05-25,San Rafael,NC,4,351.67272160724997,4.482307692,1,0,0,1,0,1,1,0,0,1,0,0,0,0,4.482307692,0.0,0.0,4.482307692,0.0,1,1,0,0,1,5.862700974934353
2010-06-01,San Rafael,NC,5,480.66168229532127,4.482307692,1,0,1,1,0,1,1,0,1,1,0,0,0,0,4.482307692,0.0,4.482307692,4.482307692,0.0,1,1,0,1,1,6.175163659418417
2010-06-08,San Rafael,NC,6,405.2808584619124,4.888461538,1,0,1,1,0,1,1,0,1,1,0,0,0,0,4.888461538,0.0,4.888461538,4.888461538,0.0,1,1,0,1,1,6.004580304445734
2010-06-15,San Rafael,NC,7,320.55074199847365,4.859230769,1,0,0,1,1,1,1,0,0,1,1,0,0,0,4.859230769,0.0,0.0,4.859230769,4.859230769,1,1,0,0,2,5.770040585197312
2010-06-22,San Rafael,NC,8,508.39656080471246,4.598333333,1,0,1,1,1,1,1,0,1,1,1,0,0,0,4.598333333,0.0,4.598333333,4.598333333,4.598333333,1,1,0,1,2,6.231261774549523
2010-06-29,San Rafael,NC,9,298.111948596833,4.859230769,1,0,0,1,1,1,1,0,0,1,1,0,0,0,4.859230769,0.0,0.0,4.859230769,4.859230769,1,1,0,0,2,5.697469082392763
2010-07-06,San Rafael,NC,10,371.03244179386263,4.728461538,1,0,0,1,1,1,1,0,0,1,1,0,0,0,4.728461538,0.0,0.0,4.728461538,4.728461538,1,1,0,0,2,5.916289502972724
2010-07-13,San Rafael,NC,11,395.26814475963,4.728461538,1,0,0,1,1,1,1,0,0,1,1,0,0,0,4.728461538,0.0,0.0,4.728461538,4.728461538,1,1,0,0,2,5.979564382081122
2010-05-04,San Ramon,NC,1,269.8883914456613,4.64,1,0,0,0,0,2,4,0,0,0,0,0,0,0,4.64,0.0,0.0,0.0,0.0,2,4,0,0,0,5.598008508523436
2010-05-11,San Ramon,NC,2,184.35348605467567,4.64,1,0,0,0,0,2,4,0,0,0,0,0,0,0,4.64,0.0,0.0,0.0,0.0,2,4,0,0,0,5.216855034480617
2010-05-18,San Ramon,NC,3,246.5508583190919,4.301111111,1,0,0,0,0,2,4,0,0,0,0,0,0,0,4.301111111,0.0,0.0,0.0,0.0,2,4,0,0,0,5.507568293982639
2010-05-25,San Ramon,NC,4,274.7750189351518,4.19,1,0,0,0,0,2,4,0,0,0,0,0,0,0,4.19,0.0,0.0,0.0,0.0,2,4,0,0,0,5.615952649866442
2010-06-01,San Ramon,NC,5,200.09346761099525,4.123333333,1,0,0,0,0,2,4,0,0,0,0,0,0,0,4.123333333,0.0,0.0,0.0,0.0,2,4,0,0,0,5.298784595434595
2010-06-08,San Ramon,NC,6,265.84031493087537,4.79,1,0,0,0,0,2,4,0,0,0,0,0,0,0,4.79,0.0,0.0,0.0,0.0,2,4,0,0,0,5.582895808708876
2010-06-15,San Ramon,NC,7,203.94314636150423,4.79,1,0,0,0,0,2,4,0,0,0,0,0,0,0,4.79,0.0,0.0,0.0,0.0,2,4,0,0,0,5.317841260695389
2010-06-22,San Ramon,NC,8,253.76673686667073,4.904285714,1,0,0,0,0,2,4,0,0,0,0,0,0,0,4.904285714,0.0,0.0,0.0,0.0,2,4,0,0,0,5.536415486276112
2010-06-29,San Ramon,NC,9,294.9338463360898,4.623333333,1,0,0,0,0,2,4,0,0,0,0,0,0,0,4.623333333,0.0,0.0,0.0,0.0,2,4,0,0,0,5.686751081483925
2010-07-06,San Ramon,NC,10,191.13725159062702,4.47,1,0,0,0,0,2,4,0,0,0,0,0,0,0,4.47,0.0,0.0,0.0,0.0,2,4,0,0,0,5.252991764696395
2010-07-13,San Ramon,NC,11,199.48209409859072,4.426363636,1,0,0,0,0,2,4,0,0,0,0,0,0,0,4.426363636,0.0,0.0,0.0,0.0,2,4,0,0,0,5.295724478410021
2010-05-04,Santa Cruz,NC,1,367.8825511145908,4.362727273,1,0,0,0,1,3,4,0,0,0,1,0,0,0,4.362727273,0.0,0.0,0.0,4.362727273,3,4,0,0,1,5.907763732648353
2010-05-11,Santa Cruz,NC,2,341.20924554491546,4.47,1,0,0,0,1,3,4,0,0,0,1,0,0,0,4.47,0.0,0.0,0.0,4.47,3,4,0,0,1,5.832495912392594
2010-05-18,Santa Cruz,NC,3,244.49249536746922,4.062727273,1,0,0,0,0,3,4,0,0,0,0,0,0,0,4.062727273,0.0,0.0,0.0,0.0,3,4,0,0,0,5.4991846146502805
2010-05-25,Santa Cruz,NC,4,216.82237230846292,4.062727273,1,0,0,0,0,3,4,0,0,0,0,0,0,0,4.062727273,0.0,0.0,0.0,0.0,3,4,0,0,0,5.3790784575461466
2010-06-01,Santa Cruz,NC,5,213.28715620910594,4.062727273,1,0,0,0,0,3,4,0,0,0,0,0,0,0,4.062727273,0.0,0.0,0.0,0.0,3,4,0,0,0,5.362639408985969
2010-06-08,Santa Cruz,NC,6,272.7603055452923,4.272,1,0,0,0,0,3,4,0,0,0,0,0,0,0,4.272,0.0,0.0,0.0,0.0,3,4,0,0,0,5.608593407850139
2010-06-15,Santa Cruz,NC,7,305.208739636935,4.178888889,1,0,0,0,0,3,4,0,0,0,0,0,0,0,4.178888889,0.0,0.0,0.0,0.0,3,4,0,0,0,5.72099593477008
2010-06-22,Santa Cruz,NC,8,267.96924073580107,3.614444444,1,0,0,0,0,3,4,0,0,0,0,0,0,0,3.614444444,0.0,0.0,0.0,0.0,3,4,0,0,0,5.590872200550012
2010-06-29,Santa Cruz,NC,9,262.3690604076344,3.671818182,1,0,0,0,0,3,4,0,0,0,0,0,0,0,3.671818182,0.0,0.0,0.0,0.0,3,4,0,0,0,5.569752140086118
2010-07-06,Santa Cruz,NC,10,245.12946648747823,3.671818182,1,0,0,0,0,3,4,0,0,0,0,0,0,0,3.671818182,0.0,0.0,0.0,0.0,3,4,0,0,0,5.501786505615077
2010-07-13,Santa Cruz,NC,11,301.26757789811813,3.482857143,1,0,0,0,0,3,4,0,0,0,0,0,0,0,3.482857143,0.0,0.0,0.0,0.0,3,4,0,0,0,5.707998832971849
2010-05-04,Santa Rosa,NC,1,213.96175744992522,4.656666667,1,0,0,0,0,1,1,0,0,0,0,0,0,0,4.656666667,0.0,0.0,0.0,0.0,1,1,0,0,0,5.3657972955474555
2010-05-11,Santa Rosa,NC,2,222.40186764787154,4.67,1,0,0,0,0,1,1,0,0,0,0,0,0,0,4.67,0.0,0.0,0.0,0.0,1,1,0,0,0,5.404485960038431
2010-05-18,Santa Rosa,NC,3,347.5240241149941,4.244545455,1,0,1,0,0,1,1,0,1,0,0,0,0,0,4.244545455,0.0,4.244545455,0.0,0.0,1,1,0,1,0,5.85083379675906
2010-05-25,Santa Rosa,NC,4,380.5995818573274,4.571818182,1,0,0,1,0,1,1,0,0,1,0,0,0,0,4.571818182,0.0,0.0,4.571818182,0.0,1,1,0,0,1,5.941747856220688
2010-06-01,Santa Rosa,NC,5,341.8655560948338,4.571818182,1,0,0,1,0,1,1,0,0,1,0,0,0,0,4.571818182,0.0,0.0,4.571818182,0.0,1,1,0,0,1,5.834417548940466
2010-06-08,Santa Rosa,NC,6,357.29776282718086,4.616666667,1,0,0,1,0,1,1,0,0,1,0,0,0,0,4.616666667,0.0,0.0,4.616666667,0.0,1,1,0,0,1,5.878569503680853
2010-06-15,Santa Rosa,NC,7,278.12386366260495,4.931666667,1,0,0,0,1,1,1,0,0,0,1,0,0,0,4.931666667,0.0,0.0,0.0,4.931666667,1,1,0,0,1,5.62806656720467
2010-06-22,Santa Rosa,NC,8,284.42684413434574,4.931666667,1,0,0,0,1,1,1,0,0,0,1,0,0,0,4.931666667,0.0,0.0,0.0,4.931666667,1,1,0,0,1,5.650476082132794
2010-06-29,Santa Rosa,NC,9,260.20410540235275,4.944545455,1,0,0,0,0,1,1,0,0,0,0,0,0,0,4.944545455,0.0,0.0,0.0,0.0,1,1,0,0,0,5.56146634382616
2010-07-06,Santa Rosa,NC,10,320.30969675308904,4.728461538,1,0,0,0,0,1,1,0,0,0,0,0,0,0,4.728461538,0.0,0.0,0.0,0.0,1,1,0,0,0,5.76928833012842
2010-07-13,Santa Rosa,NC,11,259.13203250931866,4.723333333,1,0,0,0,0,1,1,0,0,0,0,0,0,0,4.723333333,0.0,0.0,0.0,0.0,1,1,0,0,0,5.557337709835118
2010-05-04,Sarasota,FL,1,128.6919114210919,4.39,0,0,0,0,0,1,3,0,0,0,0,0,0,0,0.0,0.0,0.0,0.0,0.0,0,0,0,0,0,4.857421264306078
2010-05-11,Sarasota,FL,2,281.9486278818399,4.39,0,0,0,0,0,1,3,0,0,0,0,0,0,0,0.0,0.0,0.0,0.0,0.0,0,0,0,0,0,5.641724883711255
2010-05-18,Sarasota,FL,3,197.53479107574057,4.145,0,0,0,0,0,1,3,0,0,0,0,0,0,0,0.0,0.0,0.0,0.0,0.0,0,0,0,0,0,5.285914726172815
2010-05-25,Sarasota,FL,4,265.4786215267682,4.216666667,0,1,0,0,0,1,3,0,0,0,0,0,0,0,0.0,4.216666667,0.0,0.0,0.0,0,0,1,0,0,5.58153431588353
2010-06-01,Sarasota,FL,5,230.4895377513767,3.957857143,0,1,0,0,0,1,3,0,0,0,0,0,0,0,0.0,3.957857143,0.0,0.0,0.0,0,0,1,0,0,5.440205472041614
2010-06-08,Sarasota,FL,6,119.22865867609349,4.116666667,0,1,0,0,0,1,3,0,0,0,0,0,0,0,0.0,4.116666667,0.0,0.0,0.0,0,0,1,0,0,4.781043150868771
2010-06-15,Sarasota,FL,7,172.05145587067798,4.218571429,0,1,0,0,0,1,3,0,0,0,0,0,0,0,0.0,4.218571429,0.0,0.0,0.0,0,0,1,0,0,5.147793594112239
2010-06-22,Sarasota,FL,8,189.2058762555285,4.597142857,0,1,0,0,0,1,3,0,0,0,0,0,0,0,0.0,4.597142857,0.0,0.0,0.0,0,0,1,0,0,5.242835714568501
2010-06-29,Sarasota,FL,9,222.53856116437623,4.104285714,0,1,0,0,0,1,3,0,0,0,0,0,0,0,0.0,4.104285714,0.0,0.0,0.0,0,0,1,0,0,5.405100395194032
2010-07-06,Sarasota,FL,10,115.90130641407046,3.907857143,0,0,0,0,0,1,3,0,0,0,0,0,0,0,0.0,0.0,0.0,0.0,0.0,0,0,0,0,0,4.752739022189603
2010-07-13,Sarasota,FL,11,177.09896642678768,3.994,0,0,0,0,0,1,3,0,0,0,0,0,0,0,0.0,0.0,0.0,0.0,0.0,0,0,0,0,0,5.176708708672309
2010-05-04,Sauganash,MW,1,287.9109581264902,4.19,1,0,0,0,0,0,4,0,0,0,0,0,0,0,4.19,0.0,0.0,0.0,0.0,0,4,0,0,0,5.6626512591601585
2010-05-11,Sauganash,MW,2,283.3617970112403,4.167777778,1,0,0,0,0,0,4,0,0,0,0,0,0,0,4.167777778,0.0,0.0,0.0,0.0,0,4,0,0,0,5.646724515810153
2010-05-18,Sauganash,MW,3,240.78452753236212,3.543846154,1,0,0,0,0,0,4,0,0,0,0,0,0,0,3.543846154,0.0,0.0,0.0,0.0,0,4,0,0,0,5.4839024569365495
2010-05-25,Sauganash,MW,4,190.78856733854232,3.73,1,0,0,0,0,0,4,0,0,0,0,0,0,0,3.73,0.0,0.0,0.0,0.0,0,4,0,0,0,5.2511658376096175
2010-06-01,Sauganash,MW,5,182.67998819672175,3.825714286,1,0,0,0,0,0,4,0,0,0,0,0,0,0,3.825714286,0.0,0.0,0.0,0.0,0,4,0,0,0,5.207735923705026
2010-06-08,Sauganash,MW,6,295.7677481436074,3.928461538,1,0,0,0,0,0,4,0,0,0,0,0,0,0,3.928461538,0.0,0.0,0.0,0.0,0,4,0,0,0,5.689574511687203
2010-06-15,Sauganash,MW,7,227.78670699998182,3.74,1,0,0,0,0,0,4,0,0,0,0,0,0,0,3.74,0.0,0.0,0.0,0.0,0,4,0,0,0,5.428409695491212
2010-06-22,Sauganash,MW,8,180.26323081557342,3.74,1,0,0,0,0,0,4,0,0,0,0,0,0,0,3.74,0.0,0.0,0.0,0.0,0,4,0,0,0,5.194418176054152
2010-06-29,Sauganash,MW,9,171.31509019741966,3.643571429,1,0,0,0,0,0,4,0,0,0,0,0,0,0,3.643571429,0.0,0.0,0.0,0.0,0,4,0,0,0,5.143504493670963
2010-07-06,Sauganash,MW,10,305.19558360585404,3.518,1,0,0,0,0,0,4,0,0,0,0,0,0,0,3.518,0.0,0.0,0.0,0.0,0,4,0,0,0,5.720952828813644
2010-07-13,Sauganash,MW,11,260.9132818660994,3.781666667,1,0,0,0,0,0,4,0,0,0,0,0,0,0,3.781666667,0.0,0.0,0.0,0.0,0,4,0,0,0,5.5641880987277155
2010-05-04,Short Pump,MA,1,202.68989714049027,3.904285714,0,0,0,0,0,0,1,0,0,0,0,0,0,0,0.0,0.0,0.0,0.0,0.0,0,0,0,0,0,5.311677210777694
2010-05-11,Short Pump,MA,2,277.15210037894883,3.904285714,0,0,0,0,0,0,1,0,0,0,0,0,0,0,0.0,0.0,0.0,0.0,0.0,0,0,0,0,0,5.624566454328704
2010-05-18,Short Pump,MA,3,184.94136353844058,3.7775,0,0,0,0,0,0,1,0,0,0,0,0,0,0,0.0,0.0,0.0,0.0,0.0,0,0,0,0,0,5.220038820991571
2010-05-25,Short Pump,MA,4,269.4285447361292,3.618571429,0,0,0,0,0,0,1,0,0,0,0,0,0,0,0.0,0.0,0.0,0.0,0.0,0,0,0,0,0,5.596303215067515
2010-06-01,Short Pump,MA,5,226.9531453657522,3.5025,0,0,0,0,0,0,1,0,0,0,0,0,0,0,0.0,0.0,0.0,0.0,0.0,0,0,0,0,0,5.424743588095937
2010-06-08,Short Pump,MA,6,51.73329299502788,3.967777778,0,0,0,0,0,0,1,0,0,0,0,0,0,0,0.0,0.0,0.0,0.0,0.0,0,0,0,0,0,3.946101539345419
2010-06-15,Short Pump,MA,7,215.30916651398874,3.7525,0,0,0,0,0,0,1,0,0,0,0,0,0,0,0.0,0.0,0.0,0.0,0.0,0,0,0,0,0,5.372074979005058
2010-06-22,Short Pump,MA,8,261.72053085787485,3.84,0,0,0,0,0,0,1,0,0,0,0,0,0,0,0.0,0.0,0.0,0.0,0.0,0,0,0,0,0,5.56727725834227
2010-06-29,Short Pump,MA,9,196.77380542414136,3.84,0,0,0,0,0,0,1,0,0,0,0,0,0,0,0.0,0.0,0.0,0.0,0.0,0,0,0,0,0,5.28205487323962
2010-07-06,Short Pump,MA,10,141.00011784052862,3.367142857,0,0,0,0,0,0,1,0,0,0,0,0,0,0,0.0,0.0,0.0,0.0,0.0,0,0,0,0,0,4.948760726126249
2010-07-13,Short Pump,MA,11,201.60322196626424,3.661111111,0,0,0,0,0,0,1,0,0,0,0,0,0,0,0.0,0.0,0.0,0.0,0.0,0,0,0,0,0,5.306301518045021
2010-05-04,SoMa,NC,1,355.85900760777366,5.09,1,0,0,1,0,0,4,0,0,1,0,0,0,0,5.09,0.0,0.0,5.09,0.0,0,4,0,0,1,5.874534606359503
2010-05-11,SoMa,NC,2,364.87691440049616,5.09,1,0,0,1,0,0,4,0,0,1,0,0,0,0,5.09,0.0,0.0,5.09,0.0,0,4,0,0,1,5.899560075890206
2010-05-18,SoMa,NC,3,247.34119763212396,4.426363636,1,0,0,1,1,0,4,0,0,1,1,0,0,0,4.426363636,0.0,0.0,4.426363636,4.426363636,0,4,0,0,2,5.510768750350073
2010-05-25,SoMa,NC,4,378.1434096823204,4.426363636,1,0,0,0,1,0,4,0,0,0,1,0,0,0,4.426363636,0.0,0.0,0.0,4.426363636,0,4,0,0,1,5.9352735143631055
2010-06-01,SoMa,NC,5,343.9774160850232,4.426363636,1,0,0,0,1,0,4,0,0,0,1,0,0,0,4.426363636,0.0,0.0,0.0,4.426363636,0,4,0,0,1,5.840576004302653
2010-06-08,SoMa,NC,6,169.04113432231136,4.890909091,1,0,0,0,0,0,4,0,0,0,0,0,0,0,4.890909091,0.0,0.0,0.0,0.0,0,4,0,0,0,5.130142083663371
2010-06-15,SoMa,NC,7,220.89324810055058,4.871818182,1,0,0,0,0,0,4,0,0,0,0,0,0,0,4.871818182,0.0,0.0,0.0,0.0,0,4,0,0,0,5.397679544547217
2010-06-22,SoMa,NC,8,189.6578839512022,4.871818182,1,0,0,0,0,0,4,0,0,0,0,0,0,0,4.871818182,0.0,0.0,0.0,0.0,0,4,0,0,0,5.245221838329132
2010-06-29,SoMa,NC,9,173.3583593513376,4.871818182,1,0,0,0,0,0,4,0,0,0,0,0,0,0,4.871818182,0.0,0.0,0.0,0.0,0,4,0,0,0,5.15536089335855
2010-07-06,SoMa,NC,10,216.33322633411217,4.717272727,1,0,0,0,0,0,4,0,0,0,0,0,0,0,4.717272727,0.0,0.0,0.0,0.0,0,4,0,0,0,5.376819933432371
2010-07-13,SoMa,NC,11,210.1631975358233,4.717272727,1,0,0,0,0,0,4,0,0,0,0,0,0,0,4.717272727,0.0,0.0,0.0,0.0,0,4,0,0,0,5.3478843600304
2010-05-04,South Loop,MW,1,194.99294107513134,4.167777778,1,0,0,0,0,0,2,0,0,0,0,0,0,0,4.167777778,0.0,0.0,0.0,0.0,0,2,0,0,0,5.272963358293814
2010-05-11,South Loop,MW,2,272.00479313581855,4.55,1,0,0,0,0,0,2,0,0,0,0,0,0,0,4.55,0.0,0.0,0.0,0.0,0,2,0,0,0,5.6058196879635975
2010-05-18,South Loop,MW,3,287.8090174375977,3.628461538,1,0,0,0,0,0,2,0,0,0,0,0,0,0,3.628461538,0.0,0.0,0.0,0.0,0,2,0,0,0,5.6622971262681805
2010-05-25,South Loop,MW,4,249.91364274170073,3.761428571,1,0,0,0,0,0,2,0,0,0,0,0,0,0,3.761428571,0.0,0.0,0.0,0.0,0,2,0,0,0,5.521115429154698
2010-06-01,South Loop,MW,5,331.06755196754773,3.682857143,1,0,0,0,0,0,2,0,0,0,0,0,0,0,3.682857143,0.0,0.0,0.0,0.0,0,2,0,0,0,5.8023224390487576
2010-06-08,South Loop,MW,6,294.7779806131986,4.096666667,1,0,0,0,0,0,2,0,0,0,0,0,0,0,4.096666667,0.0,0.0,0.0,0.0,0,2,0,0,0,5.686222464897321
2010-06-15,South Loop,MW,7,428.25950466565365,4.096666667,1,0,0,0,0,0,2,0,0,0,0,0,0,0,4.096666667,0.0,0.0,0.0,0.0,0,2,0,0,0,6.059729331156783
2010-06-22,South Loop,MW,8,303.9449544062582,4.336666667,1,0,1,0,0,0,2,0,1,0,0,0,0,0,4.336666667,0.0,4.336666667,0.0,0.0,0,2,0,2,0,5.716846613978838
2010-06-29,South Loop,MW,9,422.67258097801147,3.391875,1,0,1,1,0,0,2,0,1,1,0,0,0,0,3.391875,0.0,3.391875,3.391875,0.0,0,2,0,2,1,6.046597839081348
2010-07-06,South Loop,MW,10,305.5310703696451,3.578125,1,0,0,1,0,0,2,0,0,1,0,0,0,0,3.578125,0.0,0.0,3.578125,0.0,0,2,0,0,1,5.722051476777843
2010-07-13,South Loop,MW,11,363.0629728984466,2.947857143,1,0,0,1,0,0,2,0,0,1,0,0,0,0,2.947857143,0.0,0.0,2.947857143,0.0,0,2,0,0,1,5.894576298278181
2010-05-04,Stevens Creek (aka Cupertino),NC,1,321.2638594502523,4.59,1,0,0,1,0,1,2,0,0,1,0,0,0,0,4.59,0.0,0.0,4.59,0.0,1,2,0,0,1,5.772262777536424
2010-05-11,Stevens Creek (aka Cupertino),NC,2,426.2393056357769,4.608181818,1,0,0,1,0,1,2,0,0,1,0,0,0,0,4.608181818,0.0,0.0,4.608181818,0.0,1,2,0,0,1,6.05500093886545
2010-05-18,Stevens Creek (aka Cupertino),NC,3,237.75002054491338,4.482307692,1,0,0,1,1,1,2,0,0,1,1,0,0,0,4.482307692,0.0,0.0,4.482307692,4.482307692,1,2,0,0,2,5.471219787839432
2010-05-25,Stevens Creek (aka Cupertino),NC,4,297.3733276317351,4.482307692,1,0,0,0,1,1,2,0,0,0,1,0,0,0,4.482307692,0.0,0.0,0.0,4.482307692,1,2,0,0,1,5.694988344838448
2010-06-01,Stevens Creek (aka Cupertino),NC,5,396.94922232824973,4.482307692,1,0,0,0,1,1,2,0,0,0,1,0,0,0,4.482307692,0.0,0.0,0.0,4.482307692,1,2,0,0,1,5.983808369051555
2010-06-08,Stevens Creek (aka Cupertino),NC,6,138.81965106365692,4.866923077,1,0,0,0,0,1,2,0,0,0,0,0,0,0,4.866923077,0.0,0.0,0.0,0.0,1,2,0,0,0,4.933175616319868
2010-06-15,Stevens Creek (aka Cupertino),NC,7,707.6688745632596,4.153846154,1,1,0,0,0,1,2,1,0,0,0,0,0,0,4.153846154,4.153846154,0.0,0.0,0.0,1,2,1,0,0,6.561976292997203
2010-06-22,Stevens Creek (aka Cupertino),NC,8,636.7914154797014,4.120769231,1,1,0,0,0,1,2,1,0,0,0,0,0,0,4.120769231,4.120769231,0.0,0.0,0.0,1,2,1,0,0,6.456442153722758
2010-06-29,Stevens Creek (aka Cupertino),NC,9,740.1606583286041,4.120769231,1,1,0,0,0,1,2,1,0,0,0,0,0,0,4.120769231,4.120769231,0.0,0.0,0.0,1,2,1,0,0,6.606867268483616
2010-07-06,Stevens Creek (aka Cupertino),NC,10,734.2299248362683,4.732307692,1,1,0,0,0,1,2,1,0,0,0,0,0,0,4.732307692,4.732307692,0.0,0.0,0.0,1,2,1,0,0,6.598822228657994
2010-07-13,Stevens Creek (aka Cupertino),NC,11,617.7086465607972,4.728461538,1,1,0,0,0,1,2,1,0,0,0,0,0,0,4.728461538,4.728461538,0.0,0.0,0.0,1,2,1,0,0,6.426016900597726
2010-05-04,Superior,RM,1,192.14693620199762,4.49,1,0,0,0,0,1,4,0,0,0,0,0,0,0,4.49,0.0,0.0,0.0,0.0,1,4,0,0,0,5.258260372059365
2010-05-11,Superior,RM,2,166.4431242436884,4.49,1,0,0,0,0,1,4,0,0,0,0,0,0,0,4.49,0.0,0.0,0.0,0.0,1,4,0,0,0,5.114653654929246
2010-05-18,Superior,RM,3,235.78191117171292,4.163076923,1,0,0,0,0,1,4,0,0,0,0,0,0,0,4.163076923,0.0,0.0,0.0,0.0,1,4,0,0,0,5.462907272572554
2010-05-25,Superior,RM,4,284.6750145919954,4.057857143,1,0,0,0,0,1,4,0,0,0,0,0,0,0,4.057857143,0.0,0.0,0.0,0.0,1,4,0,0,0,5.651348229955104
2010-06-01,Superior,RM,5,214.07504868302217,3.966666667,1,0,0,0,0,1,4,0,0,0,0,0,0,0,3.966666667,0.0,0.0,0.0,0.0,1,4,0,0,0,5.366326648323287
2010-06-08,Superior,RM,6,183.77263114909792,5.443846154,1,0,0,0,0,1,4,0,0,0,0,0,0,0,5.443846154,0.0,0.0,0.0,0.0,1,4,0,0,0,5.21369929322522
2010-06-15,Superior,RM,7,289.2864212522355,4.29,1,0,0,0,0,1,4,0,0,0,0,0,0,0,4.29,0.0,0.0,0.0,0.0,1,4,0,0,0,5.667417274317228
2010-06-22,Superior,RM,8,397.14858141361776,4.29625,1,0,1,0,0,1,4,0,1,0,0,0,0,0,4.29625,0.0,4.29625,0.0,0.0,1,4,0,4,0,5.984310471156905
2010-06-29,Superior,RM,9,300.046730673288,4.403333333,1,0,0,1,0,1,4,0,0,1,0,0,0,0,4.403333333,0.0,0.0,4.403333333,0.0,1,4,0,0,1,5.703938231436444
2010-07-06,Superior,RM,10,256.1843862092019,3.881333333,1,0,0,1,0,1,4,0,0,1,0,0,0,0,3.881333333,0.0,0.0,3.881333333,0.0,1,4,0,0,1,5.545897443847493
2010-07-13,Superior,RM,11,318.5782889727414,4.138125,1,0,0,1,0,1,4,0,0,1,0,0,0,0,4.138125,0.0,0.0,4.138125,0.0,1,4,0,0,1,5.763868250058992
2010-05-04,Tamarac,RM,1,281.7651540973748,4.062727273,1,0,0,0,0,1,2,0,0,0,0,0,0,0,4.062727273,0.0,0.0,0.0,0.0,1,2,0,0,0,5.641073937089728
2010-05-11,Tamarac,RM,2,348.4667466882263,3.851538462,1,0,1,0,0,1,2,0,1,0,0,0,0,0,3.851538462,0.0,3.851538462,0.0,0.0,1,2,0,2,0,5.853542807249751
2010-05-18,Tamarac,RM,3,378.7191479384331,3.593571429,1,0,0,1,0,1,2,0,0,1,0,0,0,0,3.593571429,0.0,0.0,3.593571429,0.0,1,2,0,0,1,5.9367948959174335
2010-05-25,Tamarac,RM,4,360.30415645289946,4.643125,1,0,0,1,0,1,2,0,0,1,0,0,0,0,4.643125,0.0,0.0,4.643125,0.0,1,2,0,0,1,5.886948553776598
2010-06-01,Tamarac,RM,5,342.7633552726211,4.773333333,1,0,0,1,0,1,2,0,0,1,0,0,0,0,4.773333333,0.0,0.0,4.773333333,0.0,1,2,0,0,1,5.837040282738363
2010-06-08,Tamarac,RM,6,360.5946498897961,5.454285714,1,0,0,0,1,1,2,0,0,0,1,0,0,0,5.454285714,0.0,0.0,0.0,5.454285714,1,2,0,0,1,5.887754473969735
2010-06-15,Tamarac,RM,7,283.6937634993709,4.483333333,1,0,0,0,1,1,2,0,0,0,1,0,0,0,4.483333333,0.0,0.0,0.0,4.483333333,1,2,0,0,1,5.647895358842731
2010-06-22,Tamarac,RM,8,248.0364410567509,4.759230769,1,0,0,0,0,1,2,0,0,0,0,0,0,0,4.759230769,0.0,0.0,0.0,0.0,1,2,0,0,0,5.513575675115359
2010-06-29,Tamarac,RM,9,378.9675755124828,3.768571429,1,0,1,0,0,1,2,0,1,0,0,0,0,0,3.768571429,0.0,3.768571429,0.0,0.0,1,2,0,2,0,5.93745064868507
2010-07-06,Tamarac,RM,10,270.2068726674678,4.950625,1,0,0,1,0,1,2,0,0,1,0,0,0,0,4.950625,0.0,0.0,4.950625,0.0,1,2,0,0,1,5.599187860685478
2010-07-13,Tamarac,RM,11,305.500568865987,4.486666667,1,0,0,1,0,1,2,0,0,1,0,0,0,0,4.486666667,0.0,0.0,4.486666667,0.0,1,2,0,0,1,5.721951640691707
2010-05-04,Tanasbourne,PN,1,242.79651678948065,4.573333333,1,0,0,0,0,0,0,0,0,0,0,0,0,0,4.573333333,0.0,0.0,0.0,0.0,0,0,0,0,0,5.492223713075357
2010-05-11,Tanasbourne,PN,2,176.13632594174166,4.216666667,1,0,0,0,0,0,0,0,0,0,0,0,0,0,4.216666667,0.0,0.0,0.0,0.0,0,0,0,0,0,5.171258274420932
2010-05-18,Tanasbourne,PN,3,200.17051006423955,4.196666667,1,0,0,0,0,0,0,0,0,0,0,0,0,0,4.196666667,0.0,0.0,0.0,0.0,0,0,0,0,0,5.299169553654634
2010-05-25,Tanasbourne,PN,4,214.12989062016217,4.083333333,1,0,0,0,0,0,0,0,0,0,0,0,0,0,4.083333333,0.0,0.0,0.0,0.0,0,0,0,0,0,5.366582796407563
2010-06-01,Tanasbourne,PN,5,298.773915713493,4.151538462,1,0,0,0,0,0,0,0,0,0,0,0,0,0,4.151538462,0.0,0.0,0.0,0.0,0,0,0,0,0,5.699687152639148
2010-06-08,Tanasbourne,PN,6,231.33044011996478,4.318571429,1,0,0,0,0,0,0,0,0,0,0,0,0,0,4.318571429,0.0,0.0,0.0,0.0,0,0,0,0,0,5.443847165074454
2010-06-15,Tanasbourne,PN,7,220.2857001846204,4.174615385,1,0,0,0,0,0,0,0,0,0,0,0,0,0,4.174615385,0.0,0.0,0.0,0.0,0,0,0,0,0,5.394925341055211
2010-06-22,Tanasbourne,PN,8,173.379717036641,4.318571429,1,0,0,0,0,0,0,0,0,0,0,0,0,0,4.318571429,0.0,0.0,0.0,0.0,0,0,0,0,0,5.155484085397641
2010-06-29,Tanasbourne,PN,9,240.30105140471312,4.197142857,1,0,0,0,0,0,0,0,0,0,0,0,0,0,4.197142857,0.0,0.0,0.0,0.0,0,0,0,0,0,5.4818925181165925
2010-07-06,Tanasbourne,PN,10,194.69951130813953,3.303076923,1,0,0,0,0,0,0,0,0,0,0,0,0,0,3.303076923,0.0,0.0,0.0,0.0,0,0,0,0,0,5.271457402401401
2010-07-13,Tanasbourne,PN,11,295.79661751619835,3.648461538,1,0,0,0,0,0,0,0,0,0,0,0,0,0,3.648461538,0.0,0.0,0.0,0.0,0,0,0,0,0,5.689672115174802
2010-05-04,Thousand Oaks,SP,1,333.1326550972777,4.878888889,1,0,0,0,1,3,1,0,0,0,1,0,0,0,4.878888889,0.0,0.0,0.0,4.878888889,3,1,0,0,1,5.808540774310198
2010-05-11,Thousand Oaks,SP,2,338.3376280083821,4.387857143,1,0,0,0,1,3,1,0,0,0,1,0,0,0,4.387857143,0.0,0.0,0.0,4.387857143,3,1,0,0,1,5.824044296348049
2010-05-18,Thousand Oaks,SP,3,265.79999598303647,4.006428571,1,0,0,0,0,3,1,0,0,0,0,0,0,0,4.006428571,0.0,0.0,0.0,0.0,3,1,0,0,0,5.582744131166415
2010-05-25,Thousand Oaks,SP,4,306.0177666158195,4.218461538,1,0,0,0,0,3,1,0,0,0,0,0,0,0,4.218461538,0.0,0.0,0.0,0.0,3,1,0,0,0,5.7236431611029275
2010-06-01,Thousand Oaks,SP,5,253.19726999793508,4.077692308,1,0,0,0,0,3,1,0,0,0,0,0,0,0,4.077692308,0.0,0.0,0.0,0.0,3,1,0,0,0,5.534168908213219
2010-06-08,Thousand Oaks,SP,6,208.38683914686123,4.358461538,1,0,0,0,0,3,1,0,0,0,0,0,0,0,4.358461538,0.0,0.0,0.0,0.0,3,1,0,0,0,5.339396155998585
2010-06-15,Thousand Oaks,SP,7,273.3076361525797,4.523333333,1,0,0,0,0,3,1,0,0,0,0,0,0,0,4.523333333,0.0,0.0,0.0,0.0,3,1,0,0,0,5.610598033094661
2010-06-22,Thousand Oaks,SP,8,326.51140464730264,4.382307692,1,0,1,0,0,3,1,0,1,0,0,0,0,0,4.382307692,0.0,4.382307692,0.0,0.0,3,1,0,1,0,5.7884648781134995
2010-06-29,Thousand Oaks,SP,9,357.9801309987562,4.523333333,1,0,0,1,0,3,1,0,0,1,0,0,0,0,4.523333333,0.0,0.0,4.523333333,0.0,3,1,0,0,1,5.880477484857043
2010-07-06,Thousand Oaks,SP,10,364.29686869110975,3.742142857,1,0,0,1,0,3,1,0,0,1,0,0,0,0,3.742142857,0.0,0.0,3.742142857,0.0,3,1,0,0,1,5.897969108564758
2010-07-13,Thousand Oaks,SP,11,275.7754360108461,3.927857143,1,0,0,1,0,3,1,0,0,1,0,0,0,0,3.927857143,0.0,0.0,3.927857143,0.0,3,1,0,0,1,5.619586896892528
2010-05-04,Tysons,MA,1,185.376325859695,3.7525,0,0,0,0,0,0,5,0,0,0,0,0,0,0,0.0,0.0,0.0,0.0,0.0,0,0,0,0,0,5.222387952743753
2010-05-11,Tysons,MA,2,220.8606439505102,3.54,0,0,0,0,0,0,5,0,0,0,0,0,0,0,0.0,0.0,0.0,0.0,0.0,0,0,0,0,0,5.397531932264966
2010-05-18,Tysons,MA,3,180.13246402898412,3.34,0,0,0,0,0,0,5,0,0,0,0,0,0,0,0.0,0.0,0.0,0.0,0.0,0,0,0,0,0,5.193692491512419
2010-05-25,Tysons,MA,4,221.74469588342063,3.34,0,0,0,0,0,0,5,0,0,0,0,0,0,0,0.0,0.0,0.0,0.0,0.0,0,0,0,0,0,5.401526701550384
2010-06-01,Tysons,MA,5,196.86668249089058,3.412222222,0,0,0,0,0,0,5,0,0,0,0,0,0,0,0.0,0.0,0.0,0.0,0.0,0,0,0,0,0,5.2825267610221225
2010-06-08,Tysons,MA,6,233.50110614036066,3.634444444,0,0,0,0,0,0,5,0,0,0,0,0,0,0,0.0,0.0,0.0,0.0,0.0,0,0,0,0,0,5.45318681431555
2010-06-15,Tysons,MA,7,312.23762343554944,3.7525,0,0,1,0,0,0,5,0,0,0,0,0,0,0,0.0,0.0,3.7525,0.0,0.0,0,0,0,5,0,5.7437645115045175
2010-06-22,Tysons,MA,8,257.85305302917163,3.634444444,0,0,0,1,0,0,5,0,0,0,0,0,0,0,0.0,0.0,0.0,3.634444444,0.0,0,0,0,0,1,5.552389860757186
2010-06-29,Tysons,MA,9,276.0498738043593,4.056666667,0,0,0,1,0,0,5,0,0,0,0,0,0,0,0.0,0.0,0.0,4.056666667,0.0,0,0,0,0,1,5.620581551582184
2010-07-06,Tysons,MA,10,330.7167596730974,3.126,0,0,0,1,0,0,5,0,0,0,0,0,0,0,0.0,0.0,0.0,3.126,0.0,0,0,0,0,1,5.801262298090036
2010-07-13,Tysons,MA,11,320.6107173050556,3.531818182,0,0,0,0,1,0,5,0,0,0,0,0,0,0,0.0,0.0,0.0,0.0,3.531818182,0,0,0,0,1,5.770227668515832
2010-05-04,Union Square,NE,1,234.36817392164625,4.204285714,0,0,0,0,0,1,2,0,0,0,0,0,0,0,0.0,0.0,0.0,0.0,0.0,0,0,0,0,0,5.4568932716995695
2010-05-11,Union Square,NE,2,240.35825174778387,4.181666667,0,0,0,0,0,1,2,0,0,0,0,0,0,0,0.0,0.0,0.0,0.0,0.0,0,0,0,0,0,5.482130525965252
2010-05-18,Union Square,NE,3,212.82588288712984,3.924285714,0,0,0,0,0,1,2,0,0,0,0,0,0,0,0.0,0.0,0.0,0.0,0.0,0,0,0,0,0,5.3604743801798405
2010-05-25,Union Square,NE,4,213.59333551683733,3.884285714,1,0,0,0,0,1,2,0,0,0,0,0,0,0,3.884285714,0.0,0.0,0.0,0.0,1,2,0,0,0,5.364073905835416
2010-06-01,Union Square,NE,5,202.78247809055952,3.464,1,0,0,0,0,1,2,0,0,0,0,0,0,0,3.464,0.0,0.0,0.0,0.0,1,2,0,0,0,5.3121338680364065
2010-06-08,Union Square,NE,6,172.89299098579787,3.66,1,0,0,0,0,1,2,0,0,0,0,0,0,0,3.66,0.0,0.0,0.0,0.0,1,2,0,0,0,5.152672853902249
2010-06-15,Union Square,NE,7,270.36572840572046,3.623333333,1,0,0,0,0,1,2,0,0,0,0,0,0,0,3.623333333,0.0,0.0,0.0,0.0,1,2,0,0,0,5.599775592074417
2010-06-22,Union Square,NE,8,280.2367698146704,3.96,1,0,0,0,0,1,2,0,0,0,0,0,0,0,3.96,0.0,0.0,0.0,0.0,1,2,0,0,0,5.635634852326477
2010-06-29,Union Square,NE,9,350.550990808566,3.629,1,0,1,0,0,1,2,0,1,0,0,0,0,0,3.629,0.0,3.629,0.0,0.0,1,2,0,2,0,5.8595061760890506
2010-07-06,Union Square,NE,10,351.30307609863956,3.005,1,0,0,1,0,1,2,0,0,1,0,0,0,0,3.005,0.0,0.0,3.005,0.0,1,2,0,0,1,5.861649315563191
2010-07-13,Union Square,NE,11,313.2871856579099,3.142,1,0,0,1,0,1,2,0,0,1,0,0,0,0,3.142,0.0,0.0,3.142,0.0,1,2,0,0,1,5.747120295934022
2010-05-04,University,Unknown,1,190.00823514804713,4.204285714,0,0,0,0,0,2,2,0,0,0,0,0,0,0,0.0,0.0,0.0,0.0,0.0,0,0,0,0,0,5.247067414105669
2010-05-11,University,Unknown,2,222.04377919387716,4.15,0,0,0,0,0,2,2,0,0,0,0,0,0,0,0.0,0.0,0.0,0.0,0.0,0,0,0,0,0,5.402874566006234
2010-05-18,University,Unknown,3,157.42616089237248,4.065,0,0,0,0,0,2,2,0,0,0,0,0,0,0,0.0,0.0,0.0,0.0,0.0,0,0,0,0,0,5.05895652860439
2010-05-25,University,Unknown,4,170.9765690645453,4.004285714,0,0,0,0,0,2,2,0,0,0,0,0,0,0,0.0,0.0,0.0,0.0,0.0,0,0,0,0,0,5.141526524099794
2010-06-01,University,Unknown,5,167.89948544892783,4.065,0,0,0,0,0,2,2,0,0,0,0,0,0,0,0.0,0.0,0.0,0.0,0.0,0,0,0,0,0,5.123365499450615
2010-06-08,University,Unknown,6,117.62866505889183,4.6275,0,0,0,0,0,2,2,0,0,0,0,0,0,0,0.0,0.0,0.0,0.0,0.0,0,0,0,0,0,4.76753275626298
2010-06-15,University,Unknown,7,264.00477974834297,4.204285714,0,0,0,0,0,2,2,0,0,0,0,0,0,0,0.0,0.0,0.0,0.0,0.0,0,0,0,0,0,5.57596720808978
2010-06-22,University,Unknown,8,166.37866111146522,4.6275,0,0,0,0,0,2,2,0,0,0,0,0,0,0,0.0,0.0,0.0,0.0,0.0,0,0,0,0,0,5.114266281651018
2010-06-29,University,Unknown,9,187.32926947378533,4.156666667,0,0,0,0,0,2,2,0,0,0,0,0,0,0,0.0,0.0,0.0,0.0,0.0,0,0,0,0,0,5.232867867789846
2010-07-06,University,Unknown,10,300.7280056740138,3.78,0,0,0,0,0,2,2,0,0,0,0,0,0,0,0.0,0.0,0.0,0.0,0.0,0,0,0,0,0,5.706206220589566
2010-07-13,University,Unknown,11,156.65216401351935,3.61875,0,0,0,0,0,2,2,0,0,0,0,0,0,0,0.0,0.0,0.0,0.0,0.0,0,0,0,0,0,5.054027831624643
2010-05-04,Valencia,SP,1,223.59998375050617,4.808181818,1,0,0,1,0,2,4,0,0,1,0,0,0,0,4.808181818,0.0,0.0,4.808181818,0.0,2,4,0,0,1,5.409858668608787
2010-05-11,Valencia,SP,2,317.03458624634084,4.808181818,1,0,0,0,1,2,4,0,0,0,1,0,0,0,4.808181818,0.0,0.0,0.0,4.808181818,2,4,0,0,1,5.759010872803823
2010-05-18,Valencia,SP,3,331.33193986140657,4.558181818,1,0,0,0,1,2,4,0,0,0,1,0,0,0,4.558181818,0.0,0.0,0.0,4.558181818,2,4,0,0,1,5.803120712329942
2010-05-25,Valencia,SP,4,253.20377685843826,4.579285714,1,0,0,0,0,2,4,0,0,0,0,0,0,0,4.579285714,0.0,0.0,0.0,0.0,2,4,0,0,0,5.534194606661292
2010-06-01,Valencia,SP,5,281.96865303568006,4.579285714,1,0,0,0,0,2,4,0,0,0,0,0,0,0,4.579285714,0.0,0.0,0.0,0.0,2,4,0,0,0,5.641795905311501
2010-06-08,Valencia,SP,6,236.20545125198544,4.891538462,1,0,0,0,0,2,4,0,0,0,0,0,0,0,4.891538462,0.0,0.0,0.0,0.0,2,4,0,0,0,5.464701982463862
2010-06-15,Valencia,SP,7,209.25813315272896,4.713076923,1,0,0,0,0,2,4,0,0,0,0,0,0,0,4.713076923,0.0,0.0,0.0,0.0,2,4,0,0,0,5.343568576727639
2010-06-22,Valencia,SP,8,258.2593466723332,4.881666667,1,0,0,0,0,2,4,0,0,0,0,0,0,0,4.881666667,0.0,0.0,0.0,0.0,2,4,0,0,0,5.553964299686866
2010-06-29,Valencia,SP,9,288.53005372968886,5.080909091,1,0,1,0,0,2,4,0,1,0,0,0,0,0,5.080909091,0.0,5.080909091,0.0,0.0,2,4,0,4,0,5.664799252895861
2010-07-06,Valencia,SP,10,261.4021524079546,3.908333333,1,0,0,1,0,2,4,0,0,1,0,0,0,0,3.908333333,0.0,0.0,3.908333333,0.0,2,4,0,0,1,5.5660600353106
2010-07-13,Valencia,SP,11,312.3327821713683,4.142142857,1,0,0,1,0,2,4,0,0,1,0,0,0,0,4.142142857,0.0,0.0,4.142142857,0.0,2,4,0,0,1,5.744069228909316
2010-05-04,Veterans,SW,1,81.34604443837705,4.39,0,0,0,0,0,0,1,0,0,0,0,0,0,0,0.0,0.0,0.0,0.0,0.0,0,0,0,0,0,4.398712208492414
2010-05-11,Veterans,SW,2,292.9571057977376,4.39,0,0,0,0,0,0,1,0,0,0,0,0,0,0,0.0,0.0,0.0,0.0,0.0,0,0,0,0,0,5.680026201705288
2010-05-18,Veterans,SW,3,113.4574577865564,3.84,0,0,0,0,0,0,1,0,0,0,0,0,0,0,0.0,0.0,0.0,0.0,0.0,0,0,0,0,0,4.731427945394589
2010-05-25,Veterans,SW,4,200.7552601098913,3.84,0,0,0,0,0,0,1,0,0,0,0,0,0,0,0.0,0.0,0.0,0.0,0.0,0,0,0,0,0,5.302086554774463
2010-06-01,Veterans,SW,5,254.3596086799417,3.84,0,0,0,0,0,0,1,0,0,0,0,0,0,0,0.0,0.0,0.0,0.0,0.0,0,0,0,0,0,5.538749047948353
2010-06-08,Veterans,SW,6,201.0292578913755,4.39,0,0,0,0,0,0,1,0,0,0,0,0,0,0,0.0,0.0,0.0,0.0,0.0,0,0,0,0,0,5.303450459114641
2010-06-15,Veterans,SW,7,192.68515704647308,4.39,0,0,0,0,0,0,1,0,0,0,0,0,0,0,0.0,0.0,0.0,0.0,0.0,0,0,0,0,0,5.261057546228807
2010-06-22,Veterans,SW,8,173.72088185135905,4.39,0,0,0,0,0,0,1,0,0,0,0,0,0,0,0.0,0.0,0.0,0.0,0.0,0,0,0,0,0,5.157449883933722
2010-06-29,Veterans,SW,9,278.5828715665132,4.39,0,0,0,0,0,0,1,0,0,0,0,0,0,0,0.0,0.0,0.0,0.0,0.0,0,0,0,0,0,5.629715579077078
2010-07-06,Veterans,SW,10,122.22976754874949,4.19,0,0,0,0,0,0,1,0,0,0,0,0,0,0,0.0,0.0,0.0,0.0,0.0,0,0,0,0,0,4.805902614034516
2010-07-13,Veterans,SW,11,166.89302576362266,4.19,0,0,0,0,0,0,1,0,0,0,0,0,0,0,0.0,0.0,0.0,0.0,0.0,0,0,0,0,0,5.117353042878111
2010-05-04,Vienna,MA,1,204.4129549928083,3.565,0,0,0,0,0,1,4,0,0,0,0,0,0,0,0.0,0.0,0.0,0.0,0.0,0,0,0,0,0,5.320142236912123
2010-05-11,Vienna,MA,2,177.70281425184444,3.54,0,0,0,0,0,1,4,0,0,0,0,0,0,0,0.0,0.0,0.0,0.0,0.0,0,0,0,0,0,5.180112572130555
2010-05-18,Vienna,MA,3,98.09849847750998,3.34,0,0,0,0,0,1,4,0,0,0,0,0,0,0,0.0,0.0,0.0,0.0,0.0,0,0,0,0,0,4.585972060414525
2010-05-25,Vienna,MA,4,177.76132147392877,3.412222222,0,0,0,0,0,1,4,0,0,0,0,0,0,0,0.0,0.0,0.0,0.0,0.0,0,0,0,0,0,5.18044175989794
2010-06-01,Vienna,MA,5,213.89909382714774,3.34,0,0,0,0,0,1,4,0,0,0,0,0,0,0,0.0,0.0,0.0,0.0,0.0,0,0,0,0,0,5.365504379647164
2010-06-08,Vienna,MA,6,193.9239919599831,3.634444444,0,0,0,0,0,1,4,0,0,0,0,0,0,0,0.0,0.0,0.0,0.0,0.0,0,0,0,0,0,5.267466288271292
2010-06-15,Vienna,MA,7,201.35267809525072,3.475714286,0,0,0,0,0,1,4,0,0,0,0,0,0,0,0.0,0.0,0.0,0.0,0.0,0,0,0,0,0,5.3050579879055615
2010-06-22,Vienna,MA,8,195.15134369796877,3.54,0,0,0,0,0,1,4,0,0,0,0,0,0,0,0.0,0.0,0.0,0.0,0.0,0,0,0,0,0,5.273775379065224
2010-06-29,Vienna,MA,9,177.59046764432188,3.54,0,0,0,0,0,1,4,0,0,0,0,0,0,0,0.0,0.0,0.0,0.0,0.0,0,0,0,0,0,5.17948015594375
2010-07-06,Vienna,MA,10,173.67382968026163,3.126,0,0,0,0,0,1,4,0,0,0,0,0,0,0,0.0,0.0,0.0,0.0,0.0,0,0,0,0,0,5.157178997994338
2010-07-13,Vienna,MA,11,158.11965911230865,3.4075,0,0,0,0,0,1,4,0,0,0,0,0,0,0,0.0,0.0,0.0,0.0,0.0,0,0,0,0,0,5.063352082546504
2010-05-04,Walnut Creek,NC,1,161.06412786751736,4.623333333,1,0,0,0,0,2,0,0,0,0,0,0,0,0,4.623333333,0.0,0.0,0.0,0.0,2,0,0,0,0,5.08180259541633
2010-05-11,Walnut Creek,NC,2,227.28409721341515,4.680909091,1,0,0,0,0,2,0,0,0,0,0,0,0,0,4.680909091,0.0,0.0,0.0,0.0,2,0,0,0,0,5.4262007645456025
2010-05-18,Walnut Creek,NC,3,269.70609159206964,4.482307692,1,0,0,0,0,2,0,0,0,0,0,0,0,0,4.482307692,0.0,0.0,0.0,0.0,2,0,0,0,0,5.597332816438887
2010-05-25,Walnut Creek,NC,4,311.63685114966904,4.482307692,1,0,0,0,0,2,0,0,0,0,0,0,0,0,4.482307692,0.0,0.0,0.0,0.0,2,0,0,0,0,5.741838571283992
2010-06-01,Walnut Creek,NC,5,211.91427616561654,4.29,1,0,0,0,0,2,0,0,0,0,0,0,0,0,4.29,0.0,0.0,0.0,0.0,2,0,0,0,0,5.356181835188033
2010-06-08,Walnut Creek,NC,6,252.79268688873378,4.907692308,1,0,0,0,0,2,0,0,0,0,0,0,0,0,4.907692308,0.0,0.0,0.0,0.0,2,0,0,0,0,5.532569733407803
2010-06-15,Walnut Creek,NC,7,709.0876823542782,4.859230769,1,1,0,0,0,2,0,1,0,0,0,0,0,0,4.859230769,4.859230769,0.0,0.0,0.0,2,0,2,0,0,6.563979189342941
2010-06-22,Walnut Creek,NC,8,736.3015406527899,4.29,1,1,0,0,0,2,0,1,0,0,0,0,0,0,4.29,4.29,0.0,0.0,0.0,2,0,2,0,0,6.601639736797838
2010-06-29,Walnut Creek,NC,9,663.2436825051467,4.846923077,1,1,0,0,0,2,0,1,0,0,0,0,0,0,4.846923077,4.846923077,0.0,0.0,0.0,2,0,2,0,0,6.497142467914282
2010-07-06,Walnut Creek,NC,10,739.0040102016961,4.499090909,1,1,0,0,0,2,0,1,0,0,0,0,0,0,4.499090909,4.499090909,0.0,0.0,0.0,2,0,2,0,0,6.605303347458101
2010-07-13,Walnut Creek,NC,11,681.1522217502791,4.55,1,1,0,0,0,2,0,1,0,0,0,0,0,0,4.55,4.55,0.0,0.0,0.0,2,0,2,0,0,6.523785807970355
2010-05-04,West Bloomfield,MW,1,232.26304670127536,4.167777778,1,0,0,0,0,1,4,0,0,0,0,0,0,0,4.167777778,0.0,0.0,0.0,0.0,1,4,0,0,0,5.447870551363865
2010-05-11,West Bloomfield,MW,2,221.15200914719327,4.167777778,1,0,0,0,0,1,4,0,0,0,0,0,0,0,4.167777778,0.0,0.0,0.0,0.0,1,4,0,0,0,5.39885028927055
2010-05-18,West Bloomfield,MW,3,283.47395229440133,4.0,1,0,0,0,0,1,4,0,0,0,0,0,0,0,4.0,0.0,0.0,0.0,0.0,1,4,0,0,0,5.6471202399145755
2010-05-25,West Bloomfield,MW,4,238.0848203842676,3.834444444,1,0,0,0,0,1,4,0,0,0,0,0,0,0,3.834444444,0.0,0.0,0.0,0.0,1,4,0,0,0,5.4726269983494875
2010-06-01,West Bloomfield,MW,5,252.73257942845188,4.0,1,0,0,0,0,1,4,0,0,0,0,0,0,0,4.0,0.0,0.0,0.0,0.0,1,4,0,0,0,5.532331931404341
2010-06-08,West Bloomfield,MW,6,299.9031770657076,4.55,1,0,0,0,0,1,4,0,0,0,0,0,0,0,4.55,0.0,0.0,0.0,0.0,1,4,0,0,0,5.703459679449126
2010-06-15,West Bloomfield,MW,7,289.22265409486545,4.55,1,0,0,0,0,1,4,0,0,0,0,0,0,0,4.55,0.0,0.0,0.0,0.0,1,4,0,0,0,5.667196820878049
2010-06-22,West Bloomfield,MW,8,400.7400638360797,4.55,1,0,1,0,0,1,4,0,1,0,0,0,0,0,4.55,0.0,4.55,0.0,0.0,1,4,0,4,0,5.993312997261089
2010-06-29,West Bloomfield,MW,9,311.814590281209,3.723333333,1,0,0,1,0,1,4,0,0,1,0,0,0,0,3.723333333,0.0,0.0,3.723333333,0.0,1,4,0,0,1,5.742408749246681
2010-07-06,West Bloomfield,MW,10,338.5750691985777,3.572307692,1,0,0,1,0,1,4,0,0,1,0,0,0,0,3.572307692,0.0,0.0,3.572307692,0.0,1,4,0,0,1,5.824745837923243
2010-07-13,West Bloomfield,MW,11,214.46193937093526,3.572307692,1,0,0,1,0,1,4,0,0,1,0,0,0,0,3.572307692,0.0,0.0,3.572307692,0.0,1,4,0,0,1,5.368132283793801
2010-05-04,West Hartford,Unknown,1,176.313606393435,4.718571429,0,0,0,0,0,2,3,0,0,0,0,0,0,0,0.0,0.0,0.0,0.0,0.0,0,0,0,0,0,5.172264263926844
2010-05-11,West Hartford,Unknown,2,124.6605126565037,4.718571429,0,0,0,0,0,2,3,0,0,0,0,0,0,0,0.0,0.0,0.0,0.0,0.0,0,0,0,0,0,4.825594143810109
2010-05-18,West Hartford,Unknown,3,193.1350703798341,4.065,0,0,0,0,0,2,3,0,0,0,0,0,0,0,0.0,0.0,0.0,0.0,0.0,0,0,0,0,0,5.2633897906541405
2010-05-25,West Hartford,Unknown,4,207.4781359924427,4.161428571,0,0,0,0,0,2,3,0,0,0,0,0,0,0,0.0,0.0,0.0,0.0,0.0,0,0,0,0,0,5.335025965407961
2010-06-01,West Hartford,Unknown,5,149.30332520534552,4.161428571,0,0,0,0,0,2,3,0,0,0,0,0,0,0,0.0,0.0,0.0,0.0,0.0,0,0,0,0,0,5.005979976268632
2010-06-08,West Hartford,Unknown,6,131.2095114231486,4.718571429,0,0,0,0,0,2,3,0,0,0,0,0,0,0,0.0,0.0,0.0,0.0,0.0,0,0,0,0,0,4.876795369485576
2010-06-15,West Hartford,Unknown,7,252.69886675219172,4.718571429,0,0,0,0,0,2,3,0,0,0,0,0,0,0,0.0,0.0,0.0,0.0,0.0,0,0,0,0,0,5.532198529826086
2010-06-22,West Hartford,Unknown,8,150.1741077867523,4.718571429,0,0,0,0,0,2,3,0,0,0,0,0,0,0,0.0,0.0,0.0,0.0,0.0,0,0,0,0,0,5.011795339561608
2010-06-29,West Hartford,Unknown,9,222.38579285782737,4.718571429,0,0,0,0,0,2,3,0,0,0,0,0,0,0,0.0,0.0,0.0,0.0,0.0,0,0,0,0,0,5.4044136793009985
2010-07-06,West Hartford,Unknown,10,128.87054587017346,4.345,0,0,0,0,0,2,3,0,0,0,0,0,0,0,0.0,0.0,0.0,0.0,0.0,0,0,0,0,0,4.858808380111717
2010-07-13,West Hartford,Unknown,11,192.98599028598517,3.722857143,0,0,0,0,0,2,3,0,0,0,0,0,0,0,0.0,0.0,0.0,0.0,0.0,0,0,0,0,0,5.262617597078376
2010-05-04,West Orange,NE,1,206.85485160026474,4.732857143,0,0,0,0,0,2,3,0,0,0,0,0,0,0,0.0,0.0,0.0,0.0,0.0,0,0,0,0,0,5.332017347310946
2010-05-11,West Orange,NE,2,142.74466259605006,4.161428571,0,0,0,0,0,2,3,0,0,0,0,0,0,0,0.0,0.0,0.0,0.0,0.0,0,0,0,0,0,4.961057457967049
2010-05-18,West Orange,NE,3,227.90986270015858,3.881428571,0,0,0,0,0,2,3,0,0,0,0,0,0,0,0.0,0.0,0.0,0.0,0.0,0,0,0,0,0,5.42895021175297
2010-05-25,West Orange,NE,4,223.9126389906113,4.145,1,0,0,0,0,2,3,0,0,0,0,0,0,0,4.145,0.0,0.0,0.0,0.0,2,3,0,0,0,5.411255971277304
2010-06-01,West Orange,NE,5,220.86505026355866,3.881428571,1,0,0,0,0,2,3,0,0,0,0,0,0,0,3.881428571,0.0,0.0,0.0,0.0,2,3,0,0,0,5.3975518827143345
2010-06-08,West Orange,NE,6,229.21950133471654,4.19,1,0,0,0,0,2,3,0,0,0,0,0,0,0,4.19,0.0,0.0,0.0,0.0,2,3,0,0,0,5.434680065578518
2010-06-15,West Orange,NE,7,224.8885371067157,4.161428571,1,0,0,0,0,2,3,0,0,0,0,0,0,0,4.161428571,0.0,0.0,0.0,0.0,2,3,0,0,0,5.41560488882112
2010-06-22,West Orange,NE,8,241.56974188162042,4.161428571,1,0,0,0,0,2,3,0,0,0,0,0,0,0,4.161428571,0.0,0.0,0.0,0.0,2,3,0,0,0,5.487158217661199
2010-06-29,West Orange,NE,9,230.10048123327263,4.161428571,1,0,0,0,0,2,3,0,0,0,0,0,0,0,4.161428571,0.0,0.0,0.0,0.0,2,3,0,0,0,5.438516088448401
2010-07-06,West Orange,NE,10,308.24658556892086,3.745,1,0,0,0,0,2,3,0,0,0,0,0,0,0,3.745,0.0,0.0,0.0,0.0,2,3,0,0,0,5.730900065158842
2010-07-13,West Orange,NE,11,326.6529460577649,3.745,1,0,0,0,0,2,3,0,0,0,0,0,0,0,3.745,0.0,0.0,0.0,0.0,2,3,0,0,0,5.78889828025042
2010-05-04,West Paces Ferry,SO,1,123.50871060580121,4.367777778,0,0,0,0,0,1,2,0,0,0,0,0,0,0,0.0,0.0,0.0,0.0,0.0,0,0,0,0,0,4.816311684801884
2010-05-11,West Paces Ferry,SO,2,203.7445258717518,4.367777778,0,0,0,0,0,1,2,0,0,0,0,0,0,0,0.0,0.0,0.0,0.0,0.0,0,0,0,0,0,5.316866884872943
2010-05-18,West Paces Ferry,SO,3,226.20860180763248,3.848333333,0,0,0,0,0,1,2,0,0,0,0,0,0,0,0.0,0.0,0.0,0.0,0.0,0,0,0,0,0,5.42145759040211
2010-05-25,West Paces Ferry,SO,4,196.61623544393711,3.848333333,0,0,0,0,0,1,2,0,0,0,0,0,0,0,0.0,0.0,0.0,0.0,0.0,0,0,0,0,0,5.281253785401793
2010-06-01,West Paces Ferry,SO,5,156.1554233484992,3.848333333,0,0,0,0,0,1,2,0,0,0,0,0,0,0,0.0,0.0,0.0,0.0,0.0,0,0,0,0,0,5.050851814784614
2010-06-08,West Paces Ferry,SO,6,172.82513038362833,3.948333333,0,0,0,0,0,1,2,0,0,0,0,0,0,0,0.0,0.0,0.0,0.0,0.0,0,0,0,0,0,5.152280276256783
2010-06-15,West Paces Ferry,SO,7,195.471216405349,3.948333333,0,0,0,0,0,1,2,0,0,0,0,0,0,0,0.0,0.0,0.0,0.0,0.0,0,0,0,0,0,5.275413137922746
2010-06-22,West Paces Ferry,SO,8,190.3194575245886,4.023333333,0,0,0,0,0,1,2,0,0,0,0,0,0,0,0.0,0.0,0.0,0.0,0.0,0,0,0,0,0,5.248704015657457
2010-06-29,West Paces Ferry,SO,9,58.140582458693245,4.171818182,0,0,0,0,0,1,2,0,0,0,0,0,0,0,0.0,0.0,0.0,0.0,0.0,0,0,0,0,0,4.0628639132899265
2010-07-06,West Paces Ferry,SO,10,201.36118578720968,3.828333333,0,0,0,0,0,1,2,0,0,0,0,0,0,0,0.0,0.0,0.0,0.0,0.0,0,0,0,0,0,5.305100239701306
2010-07-13,West Paces Ferry,SO,11,236.7213849157879,3.828333333,0,0,0,0,0,1,2,0,0,0,0,0,0,0,0.0,0.0,0.0,0.0,0.0,0,0,0,0,0,5.466883858513282
2010-05-04,Westlake,PN,1,273.2740458083228,4.216666667,1,0,0,0,0,1,0,0,0,0,0,0,0,0,4.216666667,0.0,0.0,0.0,0.0,1,0,0,0,0,5.610475122483465
2010-05-11,Westlake,PN,2,228.23199803215323,4.45,1,0,0,0,0,1,0,0,0,0,0,0,0,0,4.45,0.0,0.0,0.0,0.0,1,0,0,0,0,5.430362646845122
2010-05-18,Westlake,PN,3,266.403120843235,4.10875,1,0,0,0,0,1,0,0,0,0,0,0,0,0,4.10875,0.0,0.0,0.0,0.0,1,0,0,0,0,5.585010653474623
2010-05-25,Westlake,PN,4,288.4152709992389,4.083333333,1,0,0,0,0,1,0,0,0,0,0,0,0,0,4.083333333,0.0,0.0,0.0,0.0,1,0,0,0,0,5.664401354769142
2010-06-01,Westlake,PN,5,286.6364209253211,4.083333333,1,0,0,0,0,1,0,0,0,0,0,0,0,0,4.083333333,0.0,0.0,0.0,0.0,1,0,0,0,0,5.658214586612998
2010-06-08,Westlake,PN,6,258.30532256725206,4.4525,1,0,0,0,0,1,0,0,0,0,0,0,0,0,4.4525,0.0,0.0,0.0,0.0,1,0,0,0,0,5.554142306034485
2010-06-15,Westlake,PN,7,200.3638765543786,4.197142857,1,0,0,0,0,1,0,0,0,0,0,0,0,0,4.197142857,0.0,0.0,0.0,0.0,1,0,0,0,0,5.300135096247838
2010-06-22,Westlake,PN,8,247.31351520272113,4.4525,1,0,1,0,0,1,0,0,1,0,0,0,0,0,4.4525,0.0,4.4525,0.0,0.0,1,0,0,0,0,5.510656824076197
2010-06-29,Westlake,PN,9,365.7747187153146,3.947142857,1,0,1,1,0,1,0,0,1,1,0,0,0,0,3.947142857,0.0,3.947142857,3.947142857,0.0,1,0,0,0,1,5.902017621253786
2010-07-06,Westlake,PN,10,314.1579332566449,3.637857143,1,0,0,1,0,1,0,0,0,1,0,0,0,0,3.637857143,0.0,0.0,3.637857143,0.0,1,0,0,0,1,5.749895831615078
2010-07-13,Westlake,PN,11,339.191806352381,3.963125,1,0,0,1,0,1,0,0,0,1,0,0,0,0,3.963125,0.0,0.0,3.963125,0.0,1,0,0,0,1,5.826565747825228
2010-05-04,Wheaton,MW,1,268.6074584092543,4.612222222,1,0,0,0,0,2,4,0,0,0,0,0,0,0,4.612222222,0.0,0.0,0.0,0.0,2,4,0,0,0,5.593251051422364
2010-05-11,Wheaton,MW,2,341.0081677314213,4.612222222,1,0,0,0,0,2,4,0,0,0,0,0,0,0,4.612222222,0.0,0.0,0.0,0.0,2,4,0,0,0,5.831906429288224
2010-05-18,Wheaton,MW,3,175.19033847969547,4.067777778,1,0,0,0,0,2,4,0,0,0,0,0,0,0,4.067777778,0.0,0.0,0.0,0.0,2,4,0,0,0,5.165873031317874
2010-05-25,Wheaton,MW,4,219.93787453701248,4.067777778,1,0,0,0,0,2,4,0,0,0,0,0,0,0,4.067777778,0.0,0.0,0.0,0.0,2,4,0,0,0,5.393345118005105
2010-06-01,Wheaton,MW,5,306.68417344090676,3.705384615,1,0,0,0,0,2,4,0,0,0,0,0,0,0,3.705384615,0.0,0.0,0.0,0.0,2,4,0,0,0,5.7258184670528625
2010-06-08,Wheaton,MW,6,215.1143345120722,4.104285714,1,0,0,0,0,2,4,0,0,0,0,0,0,0,4.104285714,0.0,0.0,0.0,0.0,2,4,0,0,0,5.371169675206549
2010-06-15,Wheaton,MW,7,196.44880610037012,4.39,1,0,1,0,0,2,4,0,1,0,0,0,0,0,4.39,0.0,4.39,0.0,0.0,2,4,0,4,0,5.280401868614508
2010-06-22,Wheaton,MW,8,366.0589589729336,4.082307692,1,0,0,1,0,2,4,0,0,1,0,0,0,0,4.082307692,0.0,0.0,4.082307692,0.0,2,4,0,0,1,5.902794410517734
2010-06-29,Wheaton,MW,9,260.07669471357144,4.056666667,1,0,0,1,0,2,4,0,0,1,0,0,0,0,4.056666667,0.0,0.0,4.056666667,0.0,2,4,0,0,1,5.560976567185162
2010-07-06,Wheaton,MW,10,345.84885107787835,3.633846154,1,0,0,1,0,2,4,0,0,1,0,0,0,0,3.633846154,0.0,0.0,3.633846154,0.0,2,4,0,0,1,5.846001833016725
2010-07-13,Wheaton,MW,11,346.95121395433495,3.659285714,1,0,0,0,1,2,4,0,0,0,1,0,0,0,3.659285714,0.0,0.0,0.0,3.659285714,2,4,0,0,1,5.849184176271084
2010-05-04,White Plains,NE,1,120.51899294525484,4.161428571,0,0,0,0,1,1,1,0,0,0,0,0,0,0,0.0,0.0,0.0,0.0,4.161428571,0,0,0,0,1,4.791807358313274
2010-05-11,White Plains,NE,2,199.31599103370235,4.128571429,0,0,0,0,1,1,1,0,0,0,0,0,0,0,0.0,0.0,0.0,0.0,4.128571429,0,0,0,0,1,5.294891459994506
2010-05-18,White Plains,NE,3,265.2078074172141,3.881428571,0,0,0,0,0,1,1,0,0,0,0,0,0,0,0.0,0.0,0.0,0.0,0.0,0,0,0,0,0,5.580513697611452
2010-05-25,White Plains,NE,4,292.6200879943813,3.881428571,1,0,0,0,0,1,1,0,0,0,0,0,0,0,3.881428571,0.0,0.0,0.0,0.0,1,1,0,0,0,5.678875139662094
2010-06-01,White Plains,NE,5,296.42927521325447,3.881428571,1,0,0,0,0,1,1,0,0,0,0,0,0,0,3.881428571,0.0,0.0,0.0,0.0,1,1,0,0,0,5.691808657820055
2010-06-08,White Plains,NE,6,349.2964976278689,4.125714286,1,0,1,0,0,1,1,0,1,0,0,0,0,0,4.125714286,0.0,4.125714286,0.0,0.0,1,1,0,1,0,5.855921124931338
2010-06-15,White Plains,NE,7,284.1236147475474,4.161428571,1,0,0,1,0,1,1,0,0,1,0,0,0,0,4.161428571,0.0,0.0,4.161428571,0.0,1,1,0,0,1,5.6494094066572496
2010-06-22,White Plains,NE,8,302.02682443031557,4.161428571,1,0,0,1,0,1,1,0,0,1,0,0,0,0,4.161428571,0.0,0.0,4.161428571,0.0,1,1,0,0,1,5.710515836047313
2010-06-29,White Plains,NE,9,262.65703595214245,4.161428571,1,0,0,1,0,1,1,0,0,1,0,0,0,0,4.161428571,0.0,0.0,4.161428571,0.0,1,1,0,0,1,5.570849135360768
2010-07-06,White Plains,NE,10,377.139476472588,3.826666667,1,0,0,0,1,1,1,0,0,0,1,0,0,0,3.826666667,0.0,0.0,0.0,3.826666667,1,1,0,0,1,5.932615083146431
2010-07-13,White Plains,NE,11,327.8666915132032,3.518571429,1,0,0,0,1,1,1,0,0,0,1,0,0,0,3.518571429,0.0,0.0,0.0,3.518571429,1,1,0,0,1,5.792607097456367
2010-05-04,Willowbrook,MW,1,236.51710949675538,4.55,1,0,0,0,0,3,3,0,0,0,0,0,0,0,4.55,0.0,0.0,0.0,0.0,3,3,0,0,0,5.466020549910404
2010-05-11,Willowbrook,MW,2,200.76071477949364,4.096666667,1,0,0,0,0,3,3,0,0,0,0,0,0,0,4.096666667,0.0,0.0,0.0,0.0,3,3,0,0,0,5.302113725148464
2010-05-18,Willowbrook,MW,3,255.70223472959538,3.936666667,1,0,0,0,0,3,3,0,0,0,0,0,0,0,3.936666667,0.0,0.0,0.0,0.0,3,3,0,0,0,5.544013621913215
2010-05-25,Willowbrook,MW,4,269.47292733794455,3.84,1,0,0,0,0,3,3,0,0,0,0,0,0,0,3.84,0.0,0.0,0.0,0.0,3,3,0,0,0,5.596467930156322
2010-06-01,Willowbrook,MW,5,199.04757397138803,3.73,1,0,0,0,0,3,3,0,0,0,0,0,0,0,3.73,0.0,0.0,0.0,0.0,3,3,0,0,0,5.293543861335819
2010-06-08,Willowbrook,MW,6,239.1317759165767,4.34,1,0,0,0,0,3,3,0,0,0,0,0,0,0,4.34,0.0,0.0,0.0,0.0,3,3,0,0,0,5.477014763654097
2010-06-15,Willowbrook,MW,7,257.5351123113432,4.096666667,1,0,0,0,0,3,3,0,0,0,0,0,0,0,4.096666667,0.0,0.0,0.0,0.0,3,3,0,0,0,5.55115606929847
2010-06-22,Willowbrook,MW,8,467.47352684834885,4.096666667,1,0,1,0,0,3,3,0,1,0,0,0,0,0,4.096666667,0.0,4.096666667,0.0,0.0,3,3,0,3,0,6.147342720063014
2010-06-29,Willowbrook,MW,9,487.99911748131194,4.34,1,0,1,1,0,3,3,0,1,1,0,0,0,0,4.34,0.0,4.34,4.34,0.0,3,3,0,3,1,6.190313597411578
2010-07-06,Willowbrook,MW,10,296.34238692431927,3.681333333,1,0,0,1,0,3,3,0,0,1,0,0,0,0,3.681333333,0.0,0.0,3.681333333,0.0,3,3,0,0,1,5.691515498429662
2010-07-13,Willowbrook,MW,11,329.35000751741717,3.950625,1,0,0,1,0,3,3,0,0,1,0,0,0,0,3.950625,0.0,0.0,3.950625,0.0,3,3,0,0,1,5.797121037911712
2010-05-04,Woburn,Unknown,1,228.23021436036794,4.204285714,0,0,0,0,0,3,3,0,0,0,0,0,0,0,0.0,0.0,0.0,0.0,0.0,0,0,0,0,0,5.430354831644928
2010-05-11,Woburn,Unknown,2,242.1011036600001,4.19,0,0,0,0,0,3,3,0,0,0,0,0,0,0,0.0,0.0,0.0,0.0,0.0,0,0,0,0,0,5.4893554226283765
2010-05-18,Woburn,Unknown,3,251.04306459951522,3.861428571,0,0,0,0,0,3,3,0,0,0,0,0,0,0,0.0,0.0,0.0,0.0,0.0,0,0,0,0,0,5.525624496524595
2010-05-25,Woburn,Unknown,4,189.58195570876643,3.861428571,0,0,0,0,0,3,3,0,0,0,0,0,0,0,0.0,0.0,0.0,0.0,0.0,0,0,0,0,0,5.244821414979526
2010-06-01,Woburn,Unknown,5,133.33068893824108,3.861428571,0,0,0,0,0,3,3,0,0,0,0,0,0,0,0.0,0.0,0.0,0.0,0.0,0,0,0,0,0,4.892832425280004
2010-06-08,Woburn,Unknown,6,68.87757927294425,4.19,0,0,0,0,0,3,3,0,0,0,0,0,0,0,0.0,0.0,0.0,0.0,0.0,0,0,0,0,0,4.232330715380888
2010-06-15,Woburn,Unknown,7,261.52228220236987,4.204285714,0,0,0,0,0,3,3,0,0,0,0,0,0,0,0.0,0.0,0.0,0.0,0.0,0,0,0,0,0,5.566519489061764
2010-06-22,Woburn,Unknown,8,91.49900330307503,4.204285714,0,0,0,0,0,3,3,0,0,0,0,0,0,0,0.0,0.0,0.0,0.0,0.0,0,0,0,0,0,4.51632807935958
2010-06-29,Woburn,Unknown,9,96.4249705067834,4.204285714,0,0,0,0,0,3,3,0,0,0,0,0,0,0,0.0,0.0,0.0,0.0,0.0,0,0,0,0,0,4.568765198227337
2010-07-06,Woburn,Unknown,10,177.00164684943505,3.78,0,0,0,0,0,3,3,0,0,0,0,0,0,0,0.0,0.0,0.0,0.0,0.0,0,0,0,0,0,5.176159036764641
2010-07-13,Woburn,Unknown,11,136.88850970188446,3.745,0,0,0,0,0,3,3,0,0,0,0,0,0,0,0.0,0.0,0.0,0.0,0.0,0,0,0,0,0,4.919166796718474
2010-05-04,Woodland Hills,SP,1,246.8424503056914,4.734444444,1,0,0,1,0,1,5,0,0,1,0,0,0,0,4.734444444,0.0,0.0,4.734444444,0.0,1,5,0,0,1,5.508750280099802
2010-05-11,Woodland Hills,SP,2,392.39670310365125,4.3,1,0,0,0,1,1,5,0,0,0,1,0,0,0,4.3,0.0,0.0,0.0,4.3,1,5,0,0,1,5.972273325779386
2010-05-18,Woodland Hills,SP,3,312.2489459491359,3.953,1,0,0,0,1,1,5,0,0,0,1,0,0,0,3.953,0.0,0.0,0.0,3.953,1,5,0,0,1,5.743800773336694
2010-05-25,Woodland Hills,SP,4,171.10443624928445,4.093333333,1,0,0,0,0,1,5,0,0,0,0,0,0,0,4.093333333,0.0,0.0,0.0,0.0,1,5,0,0,0,5.142274108377834
2010-06-01,Woodland Hills,SP,5,250.18196930239313,4.26875,1,0,0,0,0,1,5,0,0,0,0,0,0,0,4.26875,0.0,0.0,0.0,0.0,1,5,0,0,0,5.522188530297677
2010-06-08,Woodland Hills,SP,6,163.33348282561096,4.4,1,0,0,0,0,1,5,0,0,0,0,0,0,0,4.4,0.0,0.0,0.0,0.0,1,5,0,0,0,5.0957940176949865
2010-06-15,Woodland Hills,SP,7,332.5123983431011,4.767777778,1,0,0,0,0,1,5,0,0,0,0,0,0,0,4.767777778,0.0,0.0,0.0,0.0,1,5,0,0,0,5.806677147650648
2010-06-22,Woodland Hills,SP,8,231.77546819928443,4.99,1,0,0,0,0,1,5,0,0,0,0,0,0,0,4.99,0.0,0.0,0.0,0.0,1,5,0,0,0,5.445769093550479
2010-06-29,Woodland Hills,SP,9,316.4077586176028,5.156666667,1,0,1,0,0,1,5,0,1,0,0,0,0,0,5.156666667,0.0,5.156666667,0.0,0.0,1,5,0,5,0,5.757031757140267
2010-07-06,Woodland Hills,SP,10,261.56292581307775,4.95,1,0,0,1,0,1,5,0,0,1,0,0,0,0,4.95,0.0,0.0,4.95,0.0,1,5,0,0,1,5.566674888641668
2010-07-13,Woodland Hills,SP,11,324.3810471858733,4.95,1,0,0,1,0,1,5,0,0,1,0,0,0,0,4.95,0.0,0.0,4.95,0.0,1,5,0,0,1,5.781918896323256
